,page,watchers,pageviews,pageviews_offset,revisions,editors,created_at,links_ext,links_out,links_in,redirects
0,Abiogenesis,1481,41478,30,7374,2347,2001-11-27T02:07:12Z,924,919,2797,47
1,Abortion,1203,43464,30,13789,3482,2001-11-05T21:03:52Z,669,1066,10650,40
2,Abraham,1157,112937,30,10495,4158,2001-09-28T02:57:37Z,160,1094,5740,22
3,Abraham Lincoln,2737,493152,30,18599,5364,2001-11-04T01:01:16Z,334,2465,16119,49
4,Abstract art,318,16835,30,2741,1294,2003-02-18T18:57:49Z,50,257,3188,32
5,Achaemenid Empire,1222,137348,30,6171,2524,2003-07-01T17:49:43Z,291,2571,6442,60
6,Acid–base reaction,182,4186,30,1262,690,2001-12-29T15:17:43Z,41,182,341,33
7,Adam Smith,1107,66073,30,8362,3930,2001-09-10T14:42:46Z,211,1421,4436,6
8,Addiction,676,25379,30,5317,2482,2001-09-25T22:49:39Z,568,942,2671,75
9,Adi Shankara,503,94500,30,3613,1206,2003-02-21T14:26:18Z,147,811,2647,37
10,Adolescence,605,33991,30,6435,3125,2002-09-11T08:09:21Z,383,332,3804,51
11,Adolf Hitler,3853,844906,30,27972,8948,2001-11-15T03:09:46Z,154,2497,18489,55
12,Adult,324,13392,30,1909,1013,2003-01-09T21:40:51Z,126,286,2039,12
13,Aesthetics,1330,36163,30,3841,2031,2001-10-01T21:27:08Z,171,764,4034,43
14,Africa,1639,174359,30,8495,3590,2001-11-09T19:50:38Z,500,1633,247621,18
15,Afterlife,839,36476,30,4994,2581,2001-09-11T12:33:21Z,247,1359,2825,36
16,Age of Discovery,876,45802,30,5345,2271,2003-01-09T00:00:49Z,293,2993,2552,12
17,Age of Enlightenment,2223,100915,30,9656,4807,2001-09-27T08:01:50Z,141,2171,9177,49
18,Ageing,537,12145,30,3935,1783,2002-03-31T04:57:06Z,373,410,1372,71
19,Agriculture,873,55426,30,7620,3688,2001-11-08T05:54:21Z,588,823,27420,40
20,Akbar,553,110587,30,7492,3308,2001-11-01T23:38:42Z,191,715,2497,36
21,Al-Khwarizmi,657,31808,30,4516,1519,2001-11-02T15:10:06Z,178,646,697,97
22,Alan Turing,2138,203971,30,8883,3972,2001-11-12T19:39:34Z,385,650,2862,13
23,Albert Einstein,3903,370592,30,18689,6226,2001-11-05T18:26:16Z,592,1235,10347,25
24,Alcoholic beverage,572,29910,30,8278,3372,2001-12-21T16:20:51Z,134,1278,4416,32
25,Alcoholism,527,40646,30,5553,2148,2001-12-20T15:13:43Z,502,715,5707,48
26,Alexander the Great,2912,343656,30,12790,4976,2001-10-04T02:30:37Z,368,1675,8812,37
27,Algae,465,28698,30,4613,1940,2001-04-01T01:17:13Z,295,732,9342,15
28,Algeria,844,168251,30,12649,5432,2001-10-31T23:31:24Z,548,1273,42559,33
29,Ali,708,117564,30,11222,3315,2003-09-09T12:21:50Z,159,508,3279,91
30,Allergy,420,15129,30,3323,1620,2002-06-07T10:03:08Z,368,613,2566,43
31,Alloy,383,17899,30,2639,1346,2001-07-27T14:39:01Z,43,274,2356,27
32,Alphabet,771,47192,30,4514,2467,2001-11-14T19:38:07Z,85,799,2447,22
33,Alps,448,56019,30,4645,2045,2001-06-05T23:21:44Z,127,877,6921,19
34,Aluminium,739,65756,30,8315,3543,2001-10-28T19:54:51Z,362,925,8220,50
35,Amazon River,457,56747,30,7522,3869,2001-09-13T20:30:17Z,238,541,2687,21
36,Amazon rainforest,522,62128,30,3625,1679,2002-04-07T19:27:08Z,313,576,2470,40
37,American Revolution,1412,99433,30,8373,2906,2001-09-22T23:57:02Z,189,2353,10712,35
38,Amphibian,378,41773,30,4503,2029,2001-03-07T21:39:43Z,401,516,46449,27
39,Anarchism,4132,77438,30,20223,3872,2001-10-11T20:18:47Z,165,1567,11666,85
40,Anatomy,681,30964,30,2747,1405,2001-03-21T18:04:22Z,158,818,26417,16
41,Ancient Egypt,1660,134916,30,8406,3399,2001-05-13T09:43:48Z,147,1390,10336,40
42,Ancient Greece,1347,110971,30,5365,2487,2002-08-01T07:59:36Z,51,1434,10941,35
43,Ancient Rome,1780,75250,30,7145,2799,2004-03-12T11:42:33Z,252,2179,21323,37
44,Ancient history,866,40792,30,4772,1744,2002-02-21T06:01:42Z,117,959,5717,18
45,Andean civilizations,202,4497,30,3657,1766,2004-03-02T07:52:03Z,36,665,621,13
46,Andes,406,42961,30,4155,2211,2001-08-09T21:42:59Z,77,912,8943,24
47,Anesthesia,448,30676,30,3266,1441,2002-06-13T15:12:49Z,162,741,1644,32
48,Anger,510,13750,30,3620,2019,2002-08-07T07:39:14Z,291,619,1445,33
49,Animal,1250,142665,30,7512,3097,2001-03-29T04:52:19Z,414,939,481877,40
50,Animal husbandry,339,25272,30,1804,811,2003-01-16T07:35:30Z,168,423,2290,32
51,Animation,792,44167,30,8357,3746,2001-03-06T17:49:30Z,106,948,45824,36
52,Antarctica,1271,166028,30,9920,4412,2001-08-03T18:49:44Z,460,1360,34497,52
53,Anthropology,1451,52671,30,5244,2503,2001-11-02T11:20:05Z,174,1066,19869,11
54,Antibiotic,580,45683,30,4465,2195,2001-11-09T12:47:35Z,549,1050,3369,36
55,Antoine Lavoisier,461,26339,30,4124,2010,2001-09-04T17:48:40Z,156,787,1437,27
56,Arabic,1257,75315,30,9747,4595,2001-09-25T01:10:58Z,208,1031,21077,45
57,Arabic numerals,484,38843,30,3800,1651,2001-08-30T16:44:45Z,61,317,1488,31
58,Arabic script,235,20809,30,1977,622,2006-08-25T15:15:20Z,81,1316,3589,28
59,Archaea,655,51099,30,4069,1722,2001-11-04T04:05:36Z,721,909,3377,36
60,Archaeology,873,29122,30,4989,2431,2001-11-03T17:15:13Z,280,943,33050,31
61,Archimedes,1013,106593,30,4756,2001,2001-08-22T19:55:20Z,211,543,2022,17
62,Architecture,932,31133,30,5662,2742,2001-10-26T01:02:43Z,81,882,156955,13
63,Arctic,400,51235,30,4014,1993,2002-01-29T04:41:21Z,143,1134,8127,13
64,Arctic Ocean,398,36208,30,2269,1250,2001-08-04T11:28:42Z,156,1096,4252,29
65,Argentina,1353,228905,30,15161,5552,2001-09-27T07:56:54Z,505,1723,125394,21
66,Aristotle,2662,130817,30,9676,4202,2001-11-11T04:17:14Z,310,2303,10286,23
67,Armour,258,7247,30,2049,1106,2001-10-03T10:17:51Z,25,482,864,13
68,Art,1138,70518,30,4887,2281,2001-11-07T13:20:39Z,291,708,7126,17
69,Arthropod,615,69155,30,4522,2159,2001-03-27T08:31:42Z,438,863,298379,24
70,Ashoka,761,88193,30,7188,3007,2001-07-30T06:23:48Z,124,863,3965,32
71,Asia,1059,166081,30,8503,3910,2001-03-23T19:07:00Z,288,1190,57403,11
72,Association football,1568,157024,30,10942,4759,2001-11-16T00:52:59Z,328,1197,724139,65
73,Asteroid,567,33491,30,6022,2574,2001-11-05T01:13:53Z,374,1098,9099,14
74,Asthma,653,33598,30,7415,2863,2002-03-18T18:41:50Z,709,557,4840,55
75,Astronomy,1576,34536,30,6312,3129,2001-11-13T22:28:09Z,257,890,92887,6
76,Atheism,2129,56620,30,14812,4761,2001-11-13T04:50:31Z,386,1713,12268,31
77,Atlantic Ocean,745,83100,30,5988,3089,2001-11-12T17:29:34Z,240,888,21827,42
78,Atmosphere of Earth,1084,41482,30,5641,2743,2003-03-29T08:30:24Z,89,696,1796,39
79,Atom,1237,55566,30,7175,2953,2001-10-01T07:52:27Z,314,694,3671,19
80,Augustus,1168,213275,30,7562,3079,2001-08-03T06:50:11Z,165,1360,6542,44
81,Australia,2413,449128,30,18891,5934,2001-11-04T13:33:21Z,761,1300,476328,35
82,Avicenna,914,50121,30,6291,2387,2001-07-04T07:33:46Z,197,1335,3519,57
83,Aztecs,1092,57016,30,9252,3830,2001-10-08T18:52:10Z,170,726,1175,17
84,Bacteria,922,52004,30,4660,1840,2001-05-16T18:08:14Z,679,1073,20211,30
85,Bangladesh,1641,280797,30,18580,5730,2001-04-21T19:28:34Z,663,1714,68920,47
86,Bank,819,30411,30,4633,2584,2001-09-17T12:48:40Z,68,615,5360,25
87,Beijing,847,106846,30,10291,4327,2001-11-05T05:37:46Z,505,2530,34124,68
88,Belief,799,11249,30,1772,943,2002-10-12T20:47:48Z,211,1953,2914,21
89,Bengali language,490,72791,30,5733,2287,2001-09-21T03:01:42Z,194,1226,50840,27
90,Bhagavad Gita,1185,111106,30,7817,2770,2001-08-03T03:49:21Z,222,1129,5093,63
91,Bible,2282,109391,30,10373,3748,2001-11-09T16:13:58Z,259,1692,25422,32
92,Big Bang,2127,112186,30,7525,2719,2001-11-07T00:28:23Z,553,585,3856,29
93,Biochemistry,790,18975,30,2708,1483,2001-11-10T09:17:35Z,122,825,7044,29
94,Biodiversity,676,46598,30,6909,3099,2002-03-20T10:34:18Z,499,1175,9090,27
95,Biology,1508,44877,30,7395,3188,2001-11-06T21:21:52Z,318,974,21976,33
96,Biotechnology,746,29278,30,5081,2556,2001-10-27T21:43:31Z,260,458,4686,45
97,Bird,825,104616,30,7385,2551,2001-09-10T17:42:35Z,666,1429,26803,45
98,Birth control,501,15947,30,5479,2151,2001-11-09T05:40:54Z,522,1040,3469,33
99,Black Death,1680,182724,30,11087,4996,2001-05-14T08:28:10Z,328,781,3915,19
100,Black hole,2454,233813,30,8255,3388,2001-11-20T05:21:30Z,651,799,4278,22
101,Blood,692,44630,30,5813,3079,2001-07-31T21:02:40Z,121,530,3647,28
102,Board game,433,18177,30,3524,1541,2001-11-04T01:58:56Z,167,314,13193,30
103,Bomb,297,10858,30,4676,2531,2002-04-04T12:28:20Z,30,204,2084,12
104,Bone,464,19633,30,4518,2427,2001-08-28T10:31:49Z,210,1025,3364,36
105,Botany,634,16908,30,4151,1490,2001-09-24T08:25:32Z,323,1253,153366,26
106,Brahmic scripts,341,12096,30,1794,757,2002-05-18T09:57:53Z,30,873,1623,24
107,Brain,1236,34007,30,6849,3077,2001-08-05T09:35:39Z,351,494,5244,19
108,Brazil,1798,275076,30,18806,5941,2001-09-30T01:28:02Z,708,1634,205719,26
109,Bread,485,39564,30,6766,3469,2002-01-29T04:35:03Z,117,887,59372,25
110,British Empire,1803,168752,30,12751,4697,2001-12-03T17:42:46Z,264,1384,32693,46
111,Broadcasting,444,11388,30,1318,814,2002-10-20T14:33:03Z,51,652,4006,24
112,Bronze,361,38336,30,2690,1515,2001-09-12T11:17:19Z,64,428,6406,19
113,Bronze Age,927,76900,30,4487,2109,2001-11-15T21:23:46Z,162,672,9233,26
114,Buddhism,2919,166247,30,16843,5339,2001-11-09T04:19:56Z,370,1802,31603,51
115,Business,1092,41972,30,5448,2776,2002-02-19T02:14:23Z,84,379,63210,23
116,Byzantine Empire,2118,220710,30,14358,4702,2001-10-04T12:59:58Z,246,1776,18839,60
117,Cairo,591,66780,30,7825,3496,2001-09-07T22:49:44Z,306,1000,18060,25
118,Canada,2791,630372,30,24265,6608,2001-10-31T22:43:37Z,717,1443,432392,13
119,Cancer,1407,64752,30,6766,2562,2001-11-14T20:04:16Z,641,670,13797,45
120,Capitalism,1880,61847,30,16888,5689,2001-10-14T11:16:39Z,314,1832,9404,42
121,Carbohydrate,617,65429,30,4681,2559,2001-09-15T17:50:14Z,136,426,3443,26
122,Carbon,737,49931,30,4574,2188,2001-03-21T03:44:52Z,262,726,6777,18
123,Carbon dioxide,733,53935,30,8795,4080,2001-07-29T19:43:30Z,332,1266,9226,32
124,Card game,387,19254,30,2426,1311,2001-11-03T02:46:05Z,51,657,2539,25
125,Cardiovascular disease,424,28818,30,3281,1439,2004-03-08T12:13:45Z,554,662,3495,88
126,Caribbean,709,97011,30,5819,2774,2002-01-21T22:16:07Z,149,1205,66170,29
127,Carl Friedrich Gauss,721,41254,30,6389,2662,2001-10-05T23:04:42Z,341,779,2205,28
128,Carl Linnaeus,751,45568,30,4834,1945,2001-11-14T00:43:21Z,230,764,14337,70
129,Caspian Sea,561,77809,30,3236,1810,2001-09-28T01:41:36Z,191,1651,5932,31
130,Cat,2070,260644,30,15432,6205,2001-11-09T13:56:03Z,611,1109,11892,64
131,Catalysis,392,11372,30,1951,1010,2001-08-15T21:08:43Z,88,526,6794,30
132,Catherine the Great,776,226583,30,6869,3397,2002-03-13T20:43:04Z,151,780,3479,73
133,Catholic Church,2427,180592,30,28977,6603,2004-04-19T22:37:26Z,508,2970,113889,55
134,Cattle,963,83632,30,7413,3211,2001-11-09T01:18:07Z,324,812,7362,49
135,Cell (biology),1003,41745,30,4816,2388,2001-10-12T22:41:10Z,144,485,4626,36
136,Cereal,381,33969,30,3669,2011,2001-10-05T01:23:25Z,154,579,3048,15
137,Charlemagne,1294,229796,30,13261,5832,2001-10-11T23:24:15Z,108,873,5926,53
138,Charles Darwin,2111,135269,30,9869,3575,2001-11-06T00:41:21Z,420,1198,12102,20
139,Charlie Chaplin,1275,220050,30,8216,3546,2001-06-29T08:18:24Z,268,1210,5408,23
140,Cheese,957,55230,30,8020,3710,2001-10-29T14:12:24Z,163,452,4950,17
141,Chemical bond,521,15622,30,2796,1407,2001-09-02T14:10:37Z,54,383,1442,18
142,Chemical compound,460,18018,30,2631,1481,2002-11-05T16:39:54Z,50,271,4482,7
143,Chemical element,852,40546,30,3985,1902,2001-10-07T19:01:31Z,126,1166,13567,16
144,Chemical reaction,490,18494,30,3393,1787,2001-11-02T05:33:25Z,70,1178,6301,34
145,Chemistry,1377,47262,30,4554,1947,2001-10-25T21:07:47Z,120,631,30804,17
146,Chicken,937,85076,30,6472,3103,2002-02-03T18:26:01Z,266,320,3956,56
147,Child,493,20608,30,5847,3009,2002-10-23T19:04:35Z,190,441,2737,21
148,China,3270,537960,30,21055,5579,2001-10-23T01:23:25Z,910,2365,263413,97
149,Chinese characters,648,51535,30,6874,1989,2002-09-25T13:29:42Z,67,1210,3542,46
150,Chinese folk religion,375,25181,30,2536,682,2005-02-10T21:10:10Z,210,756,2316,31
151,Chinese language,853,79344,30,8763,4043,2001-09-27T15:56:11Z,86,1204,63718,31
152,Christianity,3621,186306,30,20691,5784,2001-11-14T04:10:03Z,498,2584,128157,35
153,Christopher Columbus,2351,221472,30,12298,4639,2001-05-09T15:54:41Z,404,916,5063,29
154,Cicero,1036,89643,30,5635,2577,2001-10-13T06:08:37Z,227,1926,5939,22
155,Circulatory system,751,49278,30,6767,3376,2002-06-15T15:14:55Z,72,2086,3505,60
156,City,652,33384,30,5696,2962,2001-11-13T18:34:20Z,418,1595,442782,17
157,Civil engineering,599,40193,30,4898,2405,2001-06-18T05:26:55Z,55,528,24064,14
158,Civilization,875,29231,30,6206,2985,2001-09-04T19:50:11Z,197,628,2137,32
159,Classical mechanics,764,14934,30,1489,826,2001-08-31T16:38:18Z,43,470,2194,18
160,Classical music,784,32074,30,5544,2319,2001-10-03T14:25:29Z,134,1221,48980,27
161,Cleopatra,1483,2147690,30,8073,3267,2001-09-19T22:16:22Z,173,1767,3266,12
162,Climate,424,16623,30,3932,1987,2001-08-01T09:19:53Z,138,803,4260,13
163,Climate change,3109,89793,30,27032,5318,2001-10-30T17:25:26Z,876,861,20140,103
164,Clothing,635,27369,30,5573,2986,2002-02-07T15:53:02Z,138,853,3917,36
165,Cloud,544,16648,30,9586,3202,2002-04-03T22:41:39Z,263,532,1948,11
166,Coal,589,37600,30,8440,3772,2001-11-06T19:23:54Z,331,777,9778,29
167,Coffee,1303,72380,30,12233,5507,2004-04-18T21:41:42Z,344,657,8318,31
168,Cold War,2164,208698,30,12405,4197,2003-09-23T04:44:46Z,490,2190,28232,39
169,Colombia,1104,296658,30,15793,5651,2001-09-28T02:54:01Z,873,1262,82504,14
170,Colonialism,684,32250,30,5464,2278,2001-12-02T18:46:59Z,301,1088,5360,24
171,Color,829,27104,30,6220,2890,2001-11-01T04:27:18Z,121,625,3937,10
172,Comet,663,37594,30,6059,2732,2001-11-05T01:16:23Z,382,1008,7988,28
173,Comics,441,17718,30,3389,1509,2002-11-09T14:18:22Z,135,430,63464,15
174,Common cold,427,32861,30,5671,2587,2002-09-27T01:22:23Z,227,421,1660,34
175,Communication,1246,68409,30,7337,3772,2001-11-07T22:11:51Z,255,531,4303,25
176,Communism,2056,212934,30,12434,4495,2001-10-16T14:01:26Z,477,1892,17995,42
177,Community,465,16723,30,2558,1394,2001-05-20T04:57:29Z,40,210,2620,5
178,Confucianism,974,53680,30,5729,2753,2001-10-22T02:23:55Z,159,2241,6348,71
179,Confucius,1046,111819,30,5563,2543,2001-10-21T23:03:49Z,266,1447,3612,68
180,Consciousness,1933,49882,30,5055,2009,2001-11-04T10:08:54Z,390,858,4132,26
181,Conservatism,788,53375,30,8304,3496,2001-10-04T06:32:18Z,429,5078,20532,57
182,Constitution,765,37446,30,6115,3046,2001-10-01T02:23:51Z,140,999,4614,31
183,Construction,469,18040,30,3396,1787,2003-06-02T18:55:43Z,101,616,4728,39
184,Contemporary history,213,10492,30,1029,409,2007-04-15T22:42:48Z,71,815,884,13
185,Continent,867,172535,30,7874,3662,2001-10-31T23:36:35Z,180,607,3622,23
186,Cooking,474,22276,30,4156,2235,2001-11-09T16:33:23Z,132,1280,4543,20
187,Copper,983,57459,30,6324,2874,2001-05-15T12:56:32Z,388,927,11710,32
188,Corporation,816,22558,30,3523,1805,2001-12-15T17:40:20Z,59,615,4738,26
189,Country,591,39604,30,4256,2137,2001-04-01T22:48:08Z,148,246,40052,6
190,Crime,629,20115,30,3187,1754,2001-09-20T17:18:12Z,90,936,8158,38
191,Crusades,1651,134978,30,13762,4280,2001-10-28T07:18:15Z,89,1521,6912,18
192,Crustacean,307,47093,30,2227,1088,2002-03-14T13:35:23Z,173,361,5260,19
193,Culture,999,45561,30,4854,2407,2001-09-17T13:52:29Z,155,796,18750,22
194,Cyrillic script,734,79140,30,4198,2027,2001-09-20T19:26:26Z,81,2293,5773,56
195,Cyrus the Great,1003,102653,30,6274,2575,2001-10-02T20:17:31Z,221,747,2318,22
196,DNA,2111,78411,30,6352,2579,2001-11-06T00:36:30Z,640,602,11480,48
197,Dance,582,22202,30,4168,2195,2001-11-11T02:15:07Z,119,562,20951,23
198,Dante Alighieri,1012,76155,30,5704,2860,2001-06-19T18:04:10Z,215,1158,4273,21
199,Day,283,12450,30,2054,1065,2001-11-06T00:05:19Z,76,427,3873,10
200,Death,1493,60021,30,10528,5268,2001-10-18T20:27:41Z,295,652,57048,44
201,Decolonization,391,16209,30,2763,1277,2003-08-22T07:06:34Z,155,811,2729,29
202,Deity,1202,30735,30,3115,1502,2002-02-25T15:43:11Z,275,616,7797,18
203,Delhi,692,144321,30,13135,5109,2002-02-05T01:21:25Z,563,1238,18002,51
204,Democracy,2048,87682,30,17296,7550,2001-10-14T18:25:29Z,422,1719,10481,51
205,Democratic Republic of the Congo,784,360700,30,9388,4937,2001-08-20T21:02:13Z,549,1025,26070,90
206,Dentistry,385,11722,30,4593,2322,2001-04-16T18:02:33Z,142,536,2677,40
207,Desert,454,32500,30,6785,3229,2001-09-29T10:26:44Z,213,621,3340,22
208,Design,663,18460,30,3194,1561,2001-09-29T23:58:56Z,105,447,4000,20
209,Diabetes,1134,53699,30,9135,3882,2001-08-15T16:18:33Z,502,379,6326,51
210,Dictatorship,455,40065,30,5561,2885,2001-12-29T12:43:00Z,251,773,3050,15
211,Digestion,362,12800,30,4460,2422,2003-01-05T02:40:40Z,69,321,1361,19
212,Dinosaur,1490,129595,30,7277,2364,2001-11-14T06:36:04Z,1099,1288,19610,46
213,Diplomacy,552,10404,30,2027,1148,2002-03-07T11:59:25Z,88,849,2519,18
214,Disability,580,19872,30,4243,2092,2001-08-05T16:40:31Z,345,565,4904,46
215,Discrimination,623,23879,30,5230,2677,2001-11-30T17:15:48Z,220,984,11488,34
216,Disease,702,31983,30,5442,3003,2001-09-19T10:10:16Z,129,435,3684,57
217,Dmitri Mendeleev,424,28460,30,3389,1733,2001-09-05T15:42:28Z,115,344,858,34
218,Dog,1748,234562,30,13207,5218,2001-10-06T00:00:04Z,659,1265,13095,43
219,Domestication,354,16461,30,3101,1427,2002-10-31T10:57:07Z,284,639,1874,24
220,Drawing,425,20180,30,2961,1548,2001-10-05T23:51:01Z,53,340,3525,9
221,Dream,983,27135,30,6974,3724,2002-03-18T07:23:51Z,163,403,1516,16
222,Drink,268,10695,30,1937,1134,2001-11-03T17:52:18Z,116,501,64639,11
223,Drinking water,368,14939,30,3178,1596,2003-03-19T18:35:49Z,225,593,2116,20
224,Drug,496,24912,30,2887,1506,2004-03-09T20:24:37Z,86,874,2608,8
225,Ear,325,11575,30,3760,1964,2002-02-16T23:23:10Z,104,437,1555,18
226,Early human migrations,372,20147,30,1853,797,2007-12-21T11:04:47Z,427,466,495,13
227,Early modern period,431,33033,30,1384,666,2004-12-17T22:35:19Z,157,976,2996,19
228,Earth,2940,370780,30,14644,5372,2001-11-06T03:00:43Z,690,1223,24917,54
229,Earth science,462,11418,30,2581,1353,2001-10-25T21:08:19Z,51,376,1812,17
230,Earthquake,826,71914,30,5637,2645,2001-11-21T10:07:34Z,221,484,5808,19
231,Eastern Orthodox Church,1436,113768,30,11768,4299,2001-12-03T12:47:41Z,343,2427,15902,24
232,Eastern philosophy,345,4881,30,1246,702,2002-11-25T00:39:43Z,117,1268,1283,12
233,Ecology,842,22556,30,6422,2476,2001-09-28T21:18:27Z,828,1124,10467,22
234,Economics,1841,52597,30,6185,2144,2001-10-07T15:50:29Z,422,862,36457,75
235,Economy,642,47291,30,3591,1884,2006-02-16T01:25:12Z,82,311,2829,9
236,Ecosystem,627,31516,30,6429,2819,2001-09-27T10:29:05Z,128,835,5287,19
237,Education,1129,79193,30,7796,3735,2001-11-07T14:43:15Z,611,989,50008,27
238,Egg,372,15567,30,3114,1607,2004-02-23T19:29:09Z,62,497,1719,17
239,Egypt,1869,225848,30,11467,4719,2001-10-31T23:43:34Z,555,1519,76921,43
240,Electric battery,589,20167,30,5045,2366,2001-10-26T00:46:05Z,119,442,1104,48
241,Electric motor,658,27455,30,6024,2627,2002-08-26T01:19:09Z,165,514,5336,20
242,Electricity,945,51182,30,4653,2229,2001-08-28T23:03:03Z,146,613,4581,15
243,Electromagnetic radiation,1381,46237,30,4237,2140,2001-11-10T06:21:30Z,143,569,2745,34
244,Electromagnetism,1222,28334,30,2971,1568,2001-09-26T18:43:38Z,95,383,2828,33
245,Electron,890,38042,30,5194,2232,2001-09-26T02:01:08Z,442,1027,4868,13
246,Elizabeth I,1610,322915,30,9663,3933,2001-11-22T21:02:32Z,149,653,4272,51
247,Emmy Noether,397,16142,30,3056,1115,2002-11-22T13:02:02Z,233,496,961,16
248,Emotion,1351,28608,30,4694,2279,2002-01-12T14:54:40Z,273,670,3359,29
249,Employment,481,8928,30,2667,1587,2002-02-25T15:43:11Z,92,976,2678,37
250,Energy,1348,50709,30,6602,2772,2001-11-04T11:46:24Z,52,828,33294,29
251,Engine,457,22120,30,2909,1569,2001-10-14T09:44:53Z,60,417,8734,14
252,Engineering,1157,40073,30,6392,3063,2001-11-07T14:50:41Z,163,1351,23906,14
253,English language,2908,353916,30,13668,5163,2001-11-14T18:25:26Z,301,1314,226383,36
254,English literature,469,25176,30,2784,1238,2002-06-08T07:03:45Z,145,1286,2953,19
255,Entertainment,481,31468,30,2857,1323,2001-10-26T01:14:13Z,75,780,4315,18
256,Environmentalism,482,11038,30,3198,1655,2005-05-10T04:50:54Z,119,885,6917,21
257,Epic poetry,520,21562,30,2967,1594,2001-09-17T18:37:08Z,62,550,2953,21
258,Epistemology,2928,71558,30,4995,2086,2001-06-05T01:48:41Z,507,637,4824,31
259,Erosion,341,12643,30,5940,2729,2001-08-29T06:37:36Z,173,502,4670,20
260,Ethics,1427,53216,30,5352,2692,2001-08-28T06:03:53Z,376,958,5855,38
261,Ethiopia,1352,173929,30,18631,7271,2001-09-30T12:47:05Z,499,1236,34385,37
262,Ethnicity,905,41781,30,3973,2050,2002-10-15T07:31:21Z,134,648,4319,43
263,Euclid,804,37370,30,4007,1875,2001-08-18T02:40:50Z,100,372,1548,8
264,Eukaryote,1016,125736,30,5463,2329,2001-08-15T05:35:24Z,293,578,461927,39
265,Europe,1842,284722,30,12564,4617,2001-10-01T09:20:59Z,441,1966,96634,42
266,European Union,2555,271204,30,24724,7665,2001-10-23T23:06:35Z,458,1880,56252,54
267,European colonization of the Americas,621,32754,30,4123,2034,2002-05-19T09:26:11Z,116,886,2432,52
268,Evolution,2509,42272,30,15350,4232,2001-11-06T00:39:57Z,1286,992,13860,62
269,Exercise,616,19587,30,4589,2178,2003-02-27T06:03:50Z,417,389,1281,42
270,Explosive,394,15736,30,2312,1302,2001-12-04T13:34:07Z,89,649,1340,38
271,Extinction,575,39552,30,3480,1850,2002-04-17T11:23:05Z,303,1105,9657,17
272,Eye,606,17047,30,6134,3231,2001-05-04T21:51:02Z,151,322,2333,21
273,Fairy tale,591,25636,30,3786,1949,2002-03-09T10:14:04Z,135,1348,3670,20
274,Family,741,23829,30,4625,2445,2002-02-04T15:22:49Z,346,700,3766,95
275,Famine,266,17441,30,3092,1589,2002-05-05T01:56:02Z,456,1076,2260,20
276,Fascism,2117,859570,30,17458,5516,2001-09-03T12:09:39Z,247,2817,9057,30
277,Fashion,625,25494,30,7243,3691,2001-12-19T23:25:33Z,173,967,17528,26
278,Fear,544,15291,30,3669,2117,2001-05-20T16:15:10Z,335,510,1835,31
279,Feminism,1501,48128,30,10324,3866,2001-11-07T20:08:24Z,395,1494,21608,24
280,Ferdinand Magellan,615,91704,30,6288,2983,2002-01-16T15:42:35Z,96,359,2474,19
281,Fertilizer,327,21208,30,4577,2183,2002-02-25T15:43:11Z,284,471,2623,35
282,Festival,190,11698,30,1527,898,2002-08-04T08:47:04Z,99,306,3021,17
283,Fiction,502,19956,30,3132,1547,2001-05-16T19:54:48Z,76,470,6813,22
284,Film,1237,64315,30,3774,1941,2001-09-26T15:46:18Z,103,889,17437,26
285,Finance,998,27937,30,5070,2312,2001-09-25T09:29:15Z,117,485,25644,12
286,Fire,622,36533,30,6481,3503,2001-09-21T21:19:45Z,127,340,2919,12
287,Firearm,504,28429,30,3517,1629,2001-09-29T16:05:06Z,125,1052,3419,21
288,Fish,599,79261,30,5273,2448,2001-04-03T23:04:11Z,311,1191,67533,21
289,Fishing,344,11953,30,6320,3030,2002-02-07T17:29:50Z,113,431,10322,11
290,Flood,320,26455,30,5241,2584,2002-04-26T17:24:54Z,136,775,4506,21
291,Florence Nightingale,789,112795,30,6545,3224,2002-10-06T18:53:04Z,309,596,2001,9
292,Flower,489,54894,30,3521,1753,2002-02-11T07:27:35Z,262,586,5181,21
293,Folk music,496,35795,30,4576,1859,2001-11-01T13:56:01Z,409,909,25486,40
294,Folklore,841,31016,30,2099,1165,2001-10-14T05:36:24Z,86,936,9710,29
295,Food,695,56237,30,4945,2463,2001-09-27T02:18:17Z,234,1522,67386,27
296,Food preservation,246,9685,30,2746,1539,2001-05-24T14:53:15Z,73,504,1220,13
297,Force,694,26704,30,5354,2322,2001-11-02T14:24:00Z,105,537,2299,16
298,Forest,408,25147,30,4227,2156,2001-09-09T18:59:26Z,191,658,10028,24
299,Fossil fuel,497,35322,30,6756,3078,2002-04-07T20:52:35Z,175,795,3259,39
300,France,2209,319716,30,17027,6234,2001-11-04T01:31:43Z,681,1868,473040,37
301,Free will,1147,22709,30,5389,1826,2002-04-06T08:49:01Z,359,981,3555,13
302,French Revolution,1994,199406,30,9357,3692,2001-10-18T00:19:10Z,196,1462,17618,33
303,French language,1454,111518,30,11425,5441,2001-10-29T17:14:44Z,242,1262,92729,36
304,Friedrich Nietzsche,2886,167693,30,11914,5040,2001-09-26T22:35:27Z,399,2060,5408,79
305,Friendship,577,17265,30,7090,3733,2001-09-29T18:50:35Z,207,320,1466,27
306,Fruit,483,41127,30,3348,1787,2001-08-21T03:32:08Z,133,711,15178,11
307,Fungus,818,60658,30,4450,1743,2001-08-15T21:48:58Z,724,1449,22385,37
308,Furniture,323,10843,30,2370,1244,2002-04-10T15:49:18Z,47,792,2612,15
309,Galaxy,998,63663,30,5403,2447,2001-09-15T23:34:31Z,560,579,11383,17
310,Galileo Galilei,1790,127542,30,7994,3332,2001-10-30T20:51:32Z,193,754,3670,25
311,Gambling,424,39028,30,3097,1515,2001-08-09T22:29:00Z,95,311,8478,34
312,Game,527,36896,30,3910,2041,2001-11-01T13:35:40Z,45,306,2136,24
313,Ganges,540,95660,30,7184,3238,2001-08-14T16:17:33Z,302,1296,4295,23
314,Garden,231,6745,30,1622,857,2002-02-27T17:56:43Z,37,373,2114,8
315,Gastroenteritis,323,62306,30,1903,866,2004-07-31T10:34:40Z,238,473,1401,40
316,Gender,641,50646,30,4592,1621,2002-02-08T01:20:38Z,362,691,5775,18
317,Gene,786,22012,30,4401,1999,2001-10-12T17:12:25Z,348,498,28874,8
318,Genetic engineering,820,22875,30,6250,3061,2001-10-21T21:52:15Z,457,719,3053,42
319,Genetics,1054,27422,30,5178,2545,2001-10-10T18:55:08Z,293,621,7916,15
320,Genghis Khan,1766,318313,30,14062,4955,2002-03-03T16:27:21Z,103,599,3979,109
321,Genocide,918,70476,30,7401,3260,2001-11-01T04:22:51Z,44,1099,6992,22
322,Geography,876,30500,30,4312,2131,2001-11-04T02:26:07Z,209,621,116624,15
323,Geology,644,18311,30,3447,1696,2001-08-02T16:48:54Z,169,811,38405,17
324,George Washington,3346,470018,30,25746,5995,2001-11-08T18:48:53Z,181,1450,13740,65
325,German language,1052,102115,30,10321,4836,2001-09-04T22:41:42Z,159,1381,95153,23
326,Germany,2571,408010,30,21793,6792,2001-11-09T18:05:14Z,551,1267,408269,46
327,Glacier,436,22186,30,5670,2729,2001-08-18T03:45:42Z,174,639,7052,40
328,Globalization,1199,46908,30,12073,5607,2002-03-28T04:12:54Z,401,1313,6202,35
329,God,2489,79783,30,12413,4811,2001-10-28T06:20:04Z,162,1409,12101,42
330,Gold,1205,93899,30,7167,3347,2001-08-10T15:13:18Z,344,1143,11639,48
331,Good and evil,401,6631,30,484,250,2016-06-11T16:02:57Z,60,617,1038,21
332,Government,1329,48078,30,6796,3448,2001-10-10T20:22:29Z,89,1131,15073,55
333,Grammar,740,18716,30,2915,1653,2001-11-03T06:39:29Z,33,427,3321,15
334,Grassland,255,14222,30,4369,2113,2003-03-19T23:48:05Z,150,492,4944,14
335,Gravity,1364,48862,30,5794,2772,2002-02-25T15:43:11Z,234,518,4003,31
336,Great Barrier Reef,395,54538,30,5866,2750,2002-08-13T02:05:49Z,335,957,2868,7
337,Great Depression,1758,174927,30,11440,5157,2001-09-16T16:22:31Z,321,1546,20654,30
338,Great Lakes,519,81824,30,5074,2501,2001-10-01T00:51:43Z,218,565,5779,18
339,Great Pyramid of Giza,854,131186,30,7237,2902,2001-05-13T09:46:49Z,220,592,1378,36
340,Great Wall of China,1094,177850,30,5809,2705,2002-08-03T03:33:20Z,91,460,1873,33
341,Greek alphabet,1491,228394,30,2972,1327,2004-06-10T23:53:20Z,109,1594,418199,26
342,Greek language,1015,77324,30,6843,3326,2001-10-21T00:54:23Z,131,1295,46996,24
343,Greek mythology,2356,75160,30,7403,3596,2001-10-31T05:21:32Z,124,1661,10423,39
344,Gunpowder,506,52123,30,6643,2890,2001-10-16T20:05:46Z,111,400,3077,12
345,Gupta Empire,439,55326,30,5569,2590,2003-05-16T11:07:44Z,152,818,2589,20
346,HIV/AIDS,1479,82162,30,10113,3577,2001-11-07T20:27:36Z,774,825,7498,65
347,Hammurabi,476,25877,30,3469,1720,2001-12-29T23:18:17Z,119,1154,1221,26
348,Han dynasty,601,79029,30,7508,2868,2002-03-09T07:19:09Z,66,1061,5343,66
349,Happiness,742,16770,30,6703,3290,2003-01-15T17:30:44Z,430,754,2370,30
350,Health,717,32673,30,6451,3368,2002-02-25T15:43:11Z,157,464,19052,25
351,Heart,816,47644,30,7651,3498,2002-01-27T21:22:22Z,241,712,4114,51
352,Heat,506,18830,30,4629,1933,2001-08-08T22:48:59Z,77,307,2318,7
353,Henry Ford,1134,138525,30,7163,3130,2001-09-10T21:33:54Z,177,796,3007,11
354,Heredity,497,12805,30,1762,1052,2001-05-14T15:01:43Z,112,354,1494,20
355,Herodotus,908,47330,30,3731,2030,2001-07-25T17:57:48Z,115,577,4492,13
356,Himalayas,728,85008,30,7774,3561,2002-02-25T15:43:11Z,296,1396,7250,39
357,Hinduism,2309,174419,30,17651,4408,2001-11-07T18:59:00Z,582,2057,32226,38
358,Hindustani language,354,29017,30,3273,1038,2002-08-01T19:36:22Z,130,734,2292,42
359,Hippocrates,674,34941,30,4148,2152,2001-05-24T19:31:42Z,112,222,1859,14
360,History,1285,95748,30,6945,3312,2001-11-18T00:42:42Z,275,1577,92034,37
361,History of Africa,375,12197,30,5248,1859,2001-11-10T22:02:33Z,314,1333,1438,6
362,History of Asia,136,5174,30,1241,666,2001-11-07T20:30:57Z,52,882,603,7
363,History of Earth,799,31601,30,4403,1714,2005-06-18T17:29:05Z,432,823,760,21
364,History of East Asia,92,2390,30,855,382,2002-02-25T15:51:15Z,63,563,521,6
365,History of Europe,626,25904,30,4900,2177,2001-11-13T20:28:34Z,164,1594,13172,11
366,History of India,1204,75294,30,10262,3249,2001-11-06T00:58:07Z,303,1939,3464,30
367,History of North America,123,4735,30,1131,638,2002-05-05T08:20:07Z,47,508,561,4
368,History of Oceania,62,1622,30,460,246,2001-11-08T00:28:20Z,106,551,315,5
369,History of South America,97,5516,30,1936,638,2002-05-05T08:24:18Z,253,718,558,4
370,History of agriculture,245,15770,30,2104,921,2005-10-13T18:05:32Z,336,792,1877,15
371,History of architecture,247,7419,30,2379,691,2006-01-11T07:22:24Z,112,1998,1560,26
372,History of art,344,10420,30,4591,926,2003-06-06T06:31:42Z,170,2362,1363,9
373,History of film,441,26629,30,4210,1897,2001-10-26T20:20:37Z,194,976,537,24
374,History of literature,197,5143,30,952,430,2002-10-25T22:32:38Z,65,843,566,7
375,History of mathematics,505,22966,30,4635,1866,2001-11-29T22:00:48Z,183,1155,1554,30
376,History of medicine,335,9892,30,3089,1297,2002-02-25T15:51:15Z,438,1061,2248,15
377,History of music,292,12462,30,3043,1382,2002-02-25T15:51:15Z,163,1324,874,10
378,History of philosophy,265,9117,30,951,399,2004-06-24T03:49:24Z,422,721,1137,18
379,History of science,656,12642,30,4074,1351,2002-01-08T21:37:16Z,348,1409,2329,23
380,History of technology,384,10041,30,2586,1169,2004-07-10T18:39:03Z,112,1483,2209,15
381,History of the Middle East,246,10684,30,2042,858,2004-02-26T05:45:19Z,235,1184,903,19
382,Hokusai,424,34891,30,2163,1072,2002-03-08T11:05:33Z,64,311,989,14
383,Holy Roman Empire,1451,227405,30,7382,3300,2001-11-11T18:17:16Z,235,1380,13621,51
384,Home,348,14656,30,2932,1691,2003-06-19T11:07:55Z,160,603,1316,5
385,Homer,1082,92891,30,6720,3078,2001-11-11T10:59:43Z,150,1049,6934,17
386,Hong Kong,2336,275322,30,15314,4900,2001-09-14T04:13:22Z,535,1853,78147,96
387,Hormone,564,18471,30,2111,1257,2001-04-24T16:35:42Z,106,356,2365,22
388,Horse,1118,84838,30,6370,2494,2001-11-09T01:44:15Z,392,589,6379,44
389,Hospital,367,18464,30,2796,1481,2002-08-03T09:31:12Z,100,589,10845,32
390,Human,2663,213917,30,13649,5050,2001-10-03T18:14:31Z,1094,1145,9849,53
391,Human behavior,512,9685,30,983,608,2004-03-29T23:59:37Z,155,497,843,8
392,Human body,962,65623,30,3619,1834,2002-05-30T10:25:02Z,123,728,1947,30
393,Human evolution,1184,68346,30,8778,3736,2001-12-27T22:27:20Z,964,1338,2491,52
394,Human history,1244,39405,30,8203,1953,2004-01-19T05:51:28Z,430,1163,1313,20
395,Human migration,372,11449,30,3226,1789,2003-05-05T06:57:44Z,155,328,1828,30
396,Human rights,1171,49663,30,6833,3051,2001-09-27T00:15:40Z,204,1552,28394,27
397,Human sexuality,961,59049,30,4103,2012,2001-11-12T17:56:46Z,320,971,12821,27
398,Humour,591,10137,30,6936,3746,2001-10-26T01:18:35Z,140,480,2024,25
399,Hunting,399,14279,30,6140,2923,2002-02-11T10:04:23Z,374,1397,5283,25
400,Hydrogen,966,79267,30,5547,2329,2001-03-13T02:17:45Z,387,731,9246,26
401,Hydropower,280,12241,30,4672,2248,2001-11-04T14:13:44Z,116,672,2837,20
402,Hygiene,313,15949,30,2823,1506,2002-11-14T00:33:17Z,204,963,1546,14
403,Ibn Khaldun,468,24344,30,2783,1247,2003-03-20T18:36:29Z,126,1261,2569,32
404,Ideology,779,21726,30,2089,1265,2002-08-24T08:58:44Z,90,1202,3762,23
405,Immanuel Kant,1732,84020,30,7437,3350,2001-11-04T17:34:19Z,250,2066,5929,27
406,Immune system,838,18650,30,5477,2437,2001-09-04T16:23:07Z,448,683,4535,44
407,Imperialism,742,40493,30,7143,3536,2001-12-04T14:30:14Z,193,1102,5453,34
408,Inca Empire,748,77895,30,7101,3243,2001-12-04T22:42:11Z,155,1176,2662,33
409,India,5337,724211,30,28246,7431,2001-10-26T17:25:25Z,552,1795,509105,71
410,Indian Ocean,500,52636,30,4103,2043,2001-05-04T23:27:14Z,218,898,12077,21
411,Indigenous peoples,767,45711,30,5055,2356,2002-03-21T11:24:19Z,381,753,4513,66
412,Indo-European languages,1228,132742,30,5412,2354,2001-11-17T03:38:42Z,124,1082,5787,46
413,Indonesia,1520,368180,30,15298,4662,2001-07-14T01:39:29Z,576,1390,104244,26
414,Indus Valley Civilisation,1172,107235,30,8379,3026,2001-11-15T23:49:12Z,383,1136,3137,57
415,Industrial Revolution,1832,114603,30,12181,4884,2001-08-05T21:47:47Z,369,1912,7998,32
416,Infant,471,21307,30,5032,2839,2002-08-18T22:21:29Z,101,404,1898,44
417,Infection,477,20134,30,1732,968,2002-01-31T21:54:02Z,332,1105,3866,29
418,Influenza,666,80822,30,5885,2434,2002-04-09T02:32:12Z,255,571,4176,34
419,Information,1044,49316,30,3178,1849,2001-11-14T20:31:59Z,81,1022,2767,7
420,Information Age,520,22988,30,2239,1211,2002-09-12T23:26:13Z,202,1103,2583,41
421,Injury,235,6220,30,76,26,2023-09-21T08:50:23Z,76,61,1111,14
422,Inorganic chemistry,179,6380,30,726,407,2001-11-01T15:49:50Z,35,375,1904,4
423,Insect,588,46415,30,5603,2284,2001-07-05T16:30:00Z,413,747,340801,24
424,Insurance,707,38776,30,5372,2732,2001-10-21T21:16:33Z,147,1302,5742,68
425,Intelligence,1003,24222,30,4127,1984,2004-03-11T09:19:29Z,128,414,3190,19
426,Internal structure of Earth,316,15655,30,4141,2085,2005-01-21T13:59:20Z,112,308,268,29
427,International Red Cross and Red Crescent Movement,420,30631,30,2768,1496,2002-01-08T14:52:06Z,167,1059,2656,38
428,International System of Units,1227,62188,30,6423,2295,2001-10-31T19:06:13Z,75,429,3779,74
429,Iran,2115,283783,30,22268,5630,2001-10-22T21:00:00Z,1189,1701,230514,52
430,Iron,705,60506,30,6116,2738,2001-05-15T12:49:55Z,335,889,10788,42
431,Iron Age,690,70656,30,3127,1547,2001-11-16T17:34:33Z,113,432,7621,16
432,Isaac Newton,2529,348400,30,9588,3925,2001-10-22T18:51:11Z,382,1383,6552,22
433,Islam,2982,202403,30,23419,5956,2001-11-15T00:37:57Z,566,2010,58097,33
434,Islamic Golden Age,780,42995,30,5448,2001,2004-05-12T12:09:36Z,246,1094,2159,14
435,Island,401,23861,30,2975,1586,2001-03-29T16:08:12Z,132,409,23754,13
436,Israel,3003,414569,30,23237,5727,2001-11-14T19:53:20Z,988,1464,110026,49
437,Istanbul,1290,134720,30,14080,4052,2001-04-20T09:25:26Z,363,1659,29139,41
438,Italy,1853,274201,30,20056,5956,2001-11-12T10:44:31Z,778,1715,310749,27
439,Jainism,1277,98661,30,12368,4221,2001-09-22T20:47:41Z,241,1461,8466,30
440,Jakarta,448,81315,30,10619,3089,2001-10-28T19:22:51Z,488,1226,16482,34
441,James Clerk Maxwell,726,49674,30,3422,1546,2001-09-18T11:08:51Z,278,365,2026,9
442,James Cook,732,95759,30,7624,3310,2001-03-28T18:04:51Z,279,855,3985,14
443,Japan,2978,456145,30,20144,6130,2001-10-31T23:04:35Z,576,1484,320398,26
444,Japanese language,1125,130728,30,6362,3088,2001-09-26T10:23:45Z,124,781,53206,35
445,Jazz,914,62129,30,11784,4774,2001-11-09T02:23:38Z,189,1059,80588,10
446,Jerusalem,1713,149216,30,12719,3649,2001-10-07T15:03:41Z,616,1860,23923,70
447,Jesus,4095,338078,30,32370,7718,2001-03-03T09:09:23Z,553,2125,17988,120
448,Jewellery,460,16431,30,4291,2068,2001-05-10T16:34:56Z,100,1362,3320,18
449,Joan of Arc,1516,209737,30,10566,3407,2002-01-01T02:38:02Z,922,694,4758,61
450,Johann Sebastian Bach,1041,91210,30,7422,2503,2001-10-29T12:38:51Z,377,1122,8218,31
451,Johannes Gutenberg,544,41409,30,4020,1929,2001-05-13T20:36:40Z,132,199,913,15
452,John Locke,1171,87899,30,3924,1963,2001-09-30T18:28:39Z,143,2099,4572,10
453,Joseph Stalin,2186,393162,30,21040,5639,2001-10-28T13:40:17Z,190,1371,10863,95
454,Judaism,1997,126235,30,8231,2913,2001-11-08T03:57:29Z,356,1854,41393,38
455,Julius Caesar,1989,301530,30,11288,4866,2001-08-02T16:25:04Z,178,885,8037,49
456,Jupiter,1493,204693,30,8743,3513,2001-11-05T01:14:18Z,601,811,5971,29
457,Justice,540,19208,30,3034,1772,2001-11-21T22:11:15Z,77,1168,3544,8
458,Karl Marx,2499,218716,30,13329,5382,2001-09-24T20:53:00Z,316,2133,8761,20
459,Kenya,797,122448,30,9702,4343,2001-11-01T23:44:24Z,539,1252,37776,8
460,Knife,329,13218,30,3473,1949,2001-12-13T02:03:50Z,41,794,2199,6
461,Knowledge,1413,30850,30,4039,1751,2003-06-10T10:45:34Z,407,634,4758,24
462,Kurt Gödel,686,31509,30,2323,1241,2001-06-20T01:59:09Z,112,1244,1811,20
463,Lagos,390,67747,30,5240,2398,2002-09-14T11:39:34Z,434,885,8638,28
464,Lake,336,18300,30,3189,1754,2001-10-12T15:27:17Z,153,536,34194,27
465,Lake Victoria,231,30148,30,1961,1080,2002-08-18T02:19:51Z,180,414,1883,17
466,Land,238,7303,30,1398,361,2013-07-27T14:22:49Z,382,951,781,1
467,Language,1369,72180,30,6004,2668,2001-11-05T02:54:38Z,102,809,29890,17
468,Laozi,725,53361,30,3489,1560,2002-07-27T05:14:46Z,96,1082,1876,52
469,Latin,1844,92958,30,9530,5031,2001-10-18T14:14:02Z,127,850,46607,16
470,Latin script,456,33425,30,895,504,2006-08-25T13:28:51Z,63,862,8480,21
471,Law,1445,37434,30,7612,3304,2001-11-08T18:16:53Z,293,1599,95274,22
472,Learning,818,17543,30,2497,1379,2003-02-15T02:11:21Z,193,401,1969,19
473,Leo Tolstoy,991,122258,30,3252,1523,2001-10-15T02:13:59Z,227,532,4697,66
474,Leonardo da Vinci,2871,258813,30,10126,4022,2001-09-07T20:59:26Z,260,868,5708,32
475,Leonhard Euler,822,63763,30,5278,2438,2001-06-29T01:27:51Z,290,865,2387,18
476,Li Bai,208,11614,30,2340,922,2001-11-06T10:49:48Z,81,428,781,43
477,Liberalism,1532,105537,30,9581,3342,2001-10-10T10:14:29Z,189,1743,11313,27
478,Liberty,561,14123,30,2026,1088,2004-08-27T23:36:09Z,73,910,3093,13
479,Library,605,23185,30,4389,2410,2001-11-09T21:46:14Z,172,391,6395,31
480,Life,1225,50590,30,5284,2266,2001-11-02T16:18:09Z,418,1460,3906,15
481,Light,1121,39704,30,4751,2318,2001-11-10T06:46:52Z,84,640,3212,20
482,Linguistics,1859,38576,30,4302,1767,2001-11-14T22:21:08Z,166,745,26404,28
483,Lipid,450,23243,30,2784,1437,2001-07-27T15:55:20Z,240,581,2624,11
484,Literature,872,31056,30,4339,2343,2001-11-16T03:34:32Z,207,616,41668,15
485,Liver,545,54468,30,5354,2857,2001-11-21T20:29:29Z,205,463,5154,70
486,Logic,1846,40188,30,4508,2086,2001-01-20T20:10:29Z,265,609,6383,72
487,London,2590,290544,30,21513,7526,2001-10-08T00:59:58Z,636,2373,185457,60
488,Louis Armstrong,705,112156,30,9487,4364,2001-10-21T18:08:24Z,222,950,4736,15
489,Louis Pasteur,526,48535,30,7085,3403,2001-09-14T09:47:50Z,345,547,1910,8
490,Love,2535,78225,30,6963,3372,2001-08-17T14:54:03Z,155,853,4128,22
491,Ludwig van Beethoven,1637,153762,30,8993,3622,2001-11-12T07:13:10Z,118,943,7440,46
492,Lung,417,36613,30,4761,2247,2002-01-28T05:27:48Z,210,621,2544,96
493,Magnetism,589,18895,30,3737,2033,2001-08-21T18:58:19Z,54,410,1988,19
494,Mahatma Gandhi,2646,393650,30,14373,5415,2001-10-17T06:58:41Z,572,2272,8941,58
495,Mahayana,553,28161,30,2401,983,2001-10-18T15:18:15Z,86,1776,4450,16
496,Maize,826,68035,30,6596,3049,2001-10-18T16:03:56Z,286,740,7880,45
497,Malaria,657,53573,30,7019,2664,2001-10-30T14:18:28Z,916,697,7449,32
498,Malay language,392,39449,30,3807,1758,2002-10-23T03:55:55Z,86,1461,9061,25
499,Malaysia,1376,271047,30,13095,4656,2001-10-25T13:12:13Z,646,1513,90909,27
500,Mammal,742,114478,30,7977,3618,2001-08-17T15:51:16Z,853,1355,45491,28
501,Man,512,26098,30,4699,2263,2001-08-02T14:27:04Z,202,369,2448,14
502,Management,857,26001,30,4850,2641,2001-10-16T14:27:46Z,74,715,4487,41
503,Mansa Musa,637,129772,30,5169,2603,2002-12-20T00:31:21Z,72,149,444,25
504,Manufacturing,546,22732,30,2349,1287,2002-02-25T15:43:11Z,105,984,5933,37
505,Mao Zedong,1575,269510,30,13153,5310,2001-10-21T23:14:23Z,302,1991,7258,85
506,Marco Polo,843,88823,30,5954,2166,2001-10-30T18:48:12Z,169,403,1931,9
507,Marie Curie,999,196040,30,5291,2145,2001-10-29T03:21:35Z,236,911,2602,33
508,Marketing,1194,43395,30,9029,4267,2002-06-24T20:51:01Z,92,398,12151,41
509,Marriage,945,38658,30,9395,3312,2001-11-12T13:46:32Z,444,1508,34612,57
510,Mars,1705,157138,30,10148,3799,2001-11-10T22:40:29Z,734,1558,9767,23
511,Martial arts,889,34271,30,7006,3172,2001-10-25T17:18:02Z,68,446,5243,31
512,Martin Luther,1777,151477,30,10762,3443,2001-09-26T03:07:03Z,166,1268,6585,26
513,Mary Wollstonecraft,544,45685,30,2526,951,2001-08-31T23:37:28Z,99,1227,2730,7
514,Mass,658,22619,30,4801,2186,2001-07-27T15:55:38Z,110,432,6212,19
515,Mass media,661,27177,30,2325,1329,2001-08-03T01:11:15Z,75,604,6221,34
516,Matter,881,35395,30,4695,2120,2001-10-14T18:29:21Z,149,593,2527,14
517,Maya civilization,1076,110268,30,7769,2794,2002-06-01T23:11:08Z,314,852,3892,21
518,Measurement,493,11992,30,2679,1458,2001-05-10T20:11:55Z,35,291,1776,15
519,Meat,400,21592,30,5578,2426,2001-04-03T18:29:10Z,322,643,2823,13
520,Mecca,771,101712,30,7719,3696,2002-01-18T15:49:59Z,204,1258,7129,38
521,Mechanical engineering,802,39662,30,5786,2724,2001-09-25T16:38:46Z,107,707,4619,15
522,Medical imaging,361,10611,30,1346,709,2003-05-27T05:23:14Z,129,508,2681,22
523,Medication,529,22200,30,1831,1052,2003-02-07T00:02:09Z,134,640,2664,40
524,Medicine,1044,36215,30,5917,2874,2001-11-15T03:01:04Z,141,725,11642,48
525,Meditation,1265,41451,30,9315,3290,2001-09-27T03:01:20Z,409,1482,3963,18
526,Mediterranean Sea,890,94446,30,6262,3056,2001-11-12T17:26:31Z,354,1159,14498,61
527,Memory,1073,16796,30,4554,2305,2001-05-28T15:09:52Z,454,556,2884,15
528,Mental disorder,1240,38471,30,5162,2055,2001-06-12T11:22:02Z,686,684,3002,100
529,Mental health,650,25874,30,3941,1888,2004-09-16T10:57:13Z,382,859,4449,35
530,Mercury (planet),998,122687,30,7127,2875,2001-11-05T01:12:00Z,493,949,4153,31
531,Mesoamerica,521,44367,30,2961,1192,2002-09-23T20:40:08Z,112,798,3408,19
532,Mesopotamia,1482,153544,30,4977,2230,2001-10-04T20:25:07Z,115,727,6140,45
533,Metabolism,829,31003,30,2689,1239,2001-10-26T16:08:54Z,454,1442,5721,32
534,Metal,499,34674,30,4710,2218,2001-08-17T00:33:29Z,149,576,4119,15
535,Metaphysics,2517,114449,30,4665,2092,2001-10-15T16:16:06Z,344,902,5530,36
536,Mexico,1763,407481,30,16841,4817,2002-08-13T05:40:57Z,590,1226,158304,54
537,Mexico City,660,145595,30,12695,5414,2001-10-30T04:58:27Z,369,1403,25976,80
538,Michael Faraday,1200,50351,30,4835,2288,2001-09-20T06:19:56Z,161,487,1817,14
539,Michael Jackson,3528,548633,30,32753,7243,2001-10-25T07:48:17Z,925,2368,15362,95
540,Michelangelo,1185,122082,30,5041,2122,2001-11-04T18:19:57Z,94,427,3676,31
541,Middle Ages,1802,129821,30,15493,5125,2001-01-26T21:23:32Z,51,1248,24793,59
542,Middle East,904,140792,30,4759,1919,2001-10-04T20:24:16Z,135,1012,18055,31
543,Miguel de Cervantes,427,32499,30,5487,2695,2001-10-03T11:13:56Z,144,272,1947,26
544,Military,677,26864,30,3514,1738,2002-09-26T12:36:28Z,71,859,7163,26
545,Military history,310,7769,30,1470,743,2001-11-14T14:54:35Z,126,1523,3203,9
546,Milk,608,43789,30,5049,2342,2001-08-14T19:32:10Z,380,677,5064,36
547,Milky Way,1458,124366,30,8546,3906,2001-09-15T23:16:52Z,829,564,4903,25
548,Mind,1099,28421,30,2672,1249,2001-10-20T21:35:37Z,344,705,3145,10
549,Mineral,535,23217,30,4577,2019,2001-10-31T18:25:17Z,130,623,4331,17
550,Mining,477,21395,30,4450,2161,2001-10-27T17:39:43Z,240,1246,16114,44
551,Mississippi River,599,76442,30,6541,3283,2001-11-11T07:59:29Z,254,1274,13253,38
552,Modern era,152,18812,30,579,310,2006-03-15T12:11:48Z,33,538,1448,24
553,Modernism,760,39574,30,4667,2019,2001-07-26T20:43:25Z,250,2451,6405,22
554,Molecular biology,576,10868,30,1574,854,2001-10-05T21:40:38Z,138,717,4963,19
555,Molecule,642,32356,30,2930,1554,2001-07-31T19:23:03Z,79,711,3659,11
556,Mollusca,392,39968,30,3668,1805,2001-07-27T07:41:48Z,304,606,50987,30
557,Momentum,640,29686,30,3584,1700,2001-10-31T00:11:36Z,93,400,1914,26
558,Monarchy,737,44924,30,5634,2911,2001-10-04T14:01:33Z,67,1463,4684,13
559,Money,1049,56185,30,6005,2825,2001-09-11T11:37:17Z,86,569,2569,8
560,Mongol Empire,877,133253,30,8340,3379,2003-06-04T20:14:53Z,138,977,4473,22
561,Moon,2160,181406,30,11543,4147,2001-11-05T04:44:29Z,859,1341,12158,57
562,Moscow,1073,115878,30,12039,4758,2001-05-04T00:47:50Z,511,1464,45837,45
563,Moses,1089,116349,30,7293,2728,2001-09-01T22:34:57Z,207,1164,6922,20
564,Motion,499,10884,30,2586,1516,2001-11-21T21:46:18Z,83,320,790,5
565,Mountain,401,32922,30,4615,2306,2002-02-05T00:38:40Z,124,294,8680,11
566,Mughal Empire,1022,182359,30,7724,2726,2001-11-01T22:42:33Z,279,953,9652,61
567,Muhammad,2990,299024,30,22228,5037,2001-11-08T22:13:15Z,214,1652,11702,147
568,Mumbai,1205,158901,30,13767,4421,2001-05-20T17:31:45Z,772,1470,25769,52
569,Murasaki Shikibu,242,9739,30,2041,583,2002-03-04T12:49:57Z,52,182,615,13
570,Museum,344,12877,30,2932,1354,2002-02-04T04:31:23Z,140,476,8109,20
571,Music,1750,73855,30,6624,3142,2001-11-12T17:38:06Z,209,1053,13114,5
572,Musical instrument,433,18482,30,2589,1293,2001-11-14T07:18:50Z,63,721,9505,22
573,Myanmar,1356,241352,30,13179,5538,2001-10-17T14:04:14Z,721,967,39831,43
574,Myth,749,20230,30,2018,1000,2001-12-03T20:45:15Z,114,501,2824,54
575,NATO,1815,236367,30,7848,3535,2001-03-07T18:46:13Z,423,1627,19960,37
576,Napoleon,2342,425585,30,12919,4412,2001-10-05T23:36:10Z,278,1563,12725,66
577,Nationalism,915,58167,30,7463,3692,2001-10-06T18:41:48Z,376,1209,9521,34
578,Natural gas,512,38369,30,6028,3074,2002-02-25T15:51:15Z,245,390,8216,14
579,Natural satellite,545,17815,30,2519,1222,2002-05-24T16:17:46Z,98,719,2495,12
580,Natural selection,792,23737,30,5394,2253,2001-09-28T01:55:40Z,359,835,4064,32
581,Nature,760,22570,30,4184,1633,2001-10-25T07:32:11Z,244,849,3798,7
582,Nelson Mandela,1732,258419,30,11199,4037,2001-11-08T13:20:52Z,266,1356,7220,25
583,Neolithic Revolution,543,28948,30,3547,1843,2004-05-06T19:27:21Z,222,1044,1908,22
584,Neptune,874,132327,30,6795,2797,2001-11-05T01:15:29Z,462,643,2967,34
585,Nervous system,924,46917,30,4655,2388,2001-11-28T14:55:35Z,143,497,4437,18
586,Netherlands,1736,293744,30,17892,7323,2001-11-15T20:35:21Z,415,1318,198472,24
587,Neutron,562,22927,30,3359,1470,2001-11-08T20:45:45Z,335,1054,2723,14
588,New York City,2679,459081,30,26123,6573,2001-03-27T02:20:50Z,771,2786,188835,96
589,New religious movement,468,26883,30,1919,705,2003-03-26T08:22:16Z,108,1195,2473,22
590,News,486,18998,30,4532,2532,2002-02-25T15:43:11Z,63,473,3367,18
591,Newton's laws of motion,1096,77037,30,5905,2728,2001-11-11T20:34:01Z,325,529,1800,91
592,Niccolò Machiavelli,1279,93360,30,8397,4061,2001-06-09T14:11:10Z,215,749,2256,45
593,Nicolaus Copernicus,1259,74414,30,9103,2589,2001-11-20T16:58:54Z,218,617,1924,23
594,Nigeria,1348,220883,30,10459,3927,2001-05-25T08:27:54Z,606,1264,72897,52
595,Nikola Tesla,3151,249023,30,12149,3872,2001-10-03T21:33:40Z,296,1035,4227,25
596,Nile,657,92618,30,5414,2772,2001-07-26T19:43:09Z,178,1000,4414,31
597,Nitrogen,566,46811,30,5782,2818,2001-03-23T03:14:53Z,201,876,7908,44
598,North America,975,272503,30,7309,2873,2001-03-17T00:34:02Z,356,1219,60660,34
599,Novel,529,28116,30,4448,1661,2001-09-01T09:00:39Z,94,1002,101115,17
600,Nuclear power,1067,32417,30,10194,2835,2002-01-23T16:59:31Z,774,1093,5975,24
601,Nursing,368,15723,30,4150,1991,2001-09-20T18:57:15Z,192,568,5238,21
602,Nutrition,630,20818,30,6664,3014,2001-08-31T19:55:20Z,58,467,2921,25
603,Obesity,981,34413,30,8423,2963,2002-06-13T00:40:50Z,671,496,4210,43
604,Oceania,771,111400,30,6609,2371,2001-11-08T00:31:07Z,748,1962,17729,18
605,Old age,307,19689,30,4246,2289,2003-05-18T10:51:11Z,319,320,1910,48
606,Olympic Games,1001,95102,30,9035,3767,2001-10-24T11:26:29Z,436,2630,30895,27
607,Ontology,1992,51035,30,2876,1354,2001-09-26T01:23:44Z,500,727,3054,23
608,Opera,505,28967,30,4416,2044,2001-09-22T00:07:28Z,113,921,12706,13
609,Optics,584,14126,30,1889,953,2001-10-08T05:08:27Z,140,618,3111,10
610,Oral tradition,337,12561,30,1118,562,2002-09-07T02:47:35Z,180,403,2718,14
611,Orbit,459,12847,30,1993,1072,2001-10-25T11:07:03Z,54,299,3600,18
612,Orchestra,353,19271,30,4256,1923,2001-12-05T18:24:15Z,60,430,5611,22
613,Organic chemistry,588,23580,30,3041,1602,2001-10-17T16:37:30Z,48,417,3273,20
614,Organism,731,33090,30,3946,2099,2001-11-02T15:39:27Z,69,294,3282,16
615,Ottoman Empire,2442,344097,30,17495,6584,2001-09-24T15:21:11Z,429,2091,38686,50
616,Outer space,789,38311,30,4474,1957,2003-02-01T20:29:19Z,347,745,3608,29
617,Oven,158,7700,30,1353,758,2004-01-28T08:12:42Z,45,407,810,20
618,Oxygen,799,78730,30,5888,2455,2001-09-15T14:25:09Z,260,868,12088,32
619,Pablo Picasso,1417,189195,30,6697,2960,2001-10-12T19:03:39Z,175,919,5602,47
620,Pacific Ocean,737,91148,30,6079,3191,2001-08-10T18:36:52Z,175,694,21819,49
621,Painting,596,26430,30,4425,2048,2001-10-26T01:20:37Z,160,913,13529,18
622,Pakistan,2022,323131,30,21684,5375,2001-10-26T17:27:52Z,805,2152,132506,93
623,Paleontology,572,20699,30,2546,1308,2001-11-10T16:53:42Z,348,711,37638,31
624,Parenting,312,5522,30,2365,1223,2002-06-09T13:25:44Z,227,607,1299,18
625,Paris,1656,161606,30,20244,7476,2001-11-06T11:45:21Z,619,1923,85798,41
626,Particle physics,792,17533,30,1790,1047,2001-10-06T15:27:40Z,100,671,3069,24
627,Paul the Apostle,1162,134213,30,11156,4294,2001-10-17T20:11:33Z,486,1934,6174,40
628,Peace,417,11219,30,5008,2504,2001-11-22T13:44:21Z,111,925,3398,6
629,Performing arts,361,15078,30,1207,729,2001-02-27T04:06:02Z,62,360,2828,16
630,Periodic table,1882,408786,30,8181,2831,2001-10-28T10:02:06Z,552,694,3204,66
631,Personal name,412,16043,30,1342,922,2003-05-31T04:53:17Z,82,507,16386,18
632,Personality,489,15483,30,1326,753,2002-04-14T03:13:53Z,69,193,1025,5
633,Petroleum,844,52161,30,8802,4354,2001-10-01T17:12:54Z,350,791,6699,45
634,Philippines,1782,357508,30,24440,5647,2001-05-26T01:50:41Z,1668,2048,128827,50
635,Philosophy,3465,135563,30,10880,3739,2001-10-31T05:49:04Z,495,715,45224,39
636,Philosophy of science,1001,12671,30,2385,1073,2002-01-29T10:08:00Z,173,963,3242,21
637,Phoenicia,1001,89535,30,6343,2879,2001-09-30T22:09:25Z,181,1338,3991,36
638,Phosphorus,460,34860,30,3598,1703,2001-07-30T18:41:54Z,212,669,5763,23
639,Photography,1140,30077,30,8393,4207,2001-07-26T15:50:52Z,116,575,28428,27
640,Photon,1001,40199,30,3692,1526,2001-10-27T06:09:56Z,297,574,3268,21
641,Photosynthesis,829,65661,30,5437,2519,2001-11-02T21:22:29Z,320,1116,4180,24
642,Physical chemistry,259,7283,30,748,445,2001-07-27T18:05:36Z,20,311,1684,20
643,Physical cosmology,634,6509,30,1200,602,2001-10-02T04:47:53Z,236,470,1443,16
644,Physics,2481,80550,30,8753,3483,2001-10-29T16:12:25Z,175,649,46272,25
645,Physiology,747,22428,30,1628,1005,2001-07-26T09:53:54Z,84,537,9542,16
646,Pig,553,56099,30,2797,1356,2005-08-06T13:12:49Z,280,731,3767,34
647,Planet,1283,63851,30,9297,3196,2001-08-28T00:26:44Z,722,923,5167,15
648,Plant,845,56891,30,4542,1781,2001-05-08T16:38:20Z,343,1230,254652,24
649,Plate tectonics,1014,68705,30,6552,2547,2001-12-21T20:15:05Z,305,924,15731,54
650,Plato,2140,122418,30,6936,3031,2001-10-29T16:35:52Z,209,1881,8895,24
651,Play (activity),245,7956,30,971,536,2005-07-12T12:06:37Z,156,604,1016,13
652,Pneumonia,711,206990,30,3920,1473,2002-05-16T03:11:57Z,402,488,9881,18
653,Poetry,938,29659,30,8435,3902,2001-11-12T18:15:29Z,132,951,33066,35
654,Poland,1510,275777,30,15464,4643,2001-11-13T19:07:45Z,665,1698,286823,38
655,Police,636,24121,30,6097,2865,2001-07-27T18:14:12Z,229,1168,5233,35
656,Political party,444,36361,30,3433,1950,2001-09-17T15:38:51Z,306,666,11387,19
657,Political science,909,38570,30,2877,1634,2001-11-13T18:32:31Z,133,576,10558,34
658,Politics,1131,49259,30,6630,3527,2001-11-04T12:28:52Z,146,985,187325,18
659,Pollution,545,67786,30,5407,2550,2001-12-13T15:17:38Z,227,1009,4141,49
660,Pop music,560,68452,30,9554,4552,2001-11-14T17:31:06Z,84,343,81438,29
661,Popular culture,664,28737,30,3274,1836,2002-06-26T09:56:32Z,96,592,4565,25
662,Portuguese language,914,63215,30,9424,3339,2001-09-08T12:28:14Z,345,1222,26142,22
663,Post-classical history,291,5966,30,2258,400,2007-09-07T11:15:44Z,259,768,1443,23
664,Potato,635,74956,30,6646,3256,2001-10-06T14:20:30Z,302,555,5073,117
665,Pottery,374,19184,30,4027,1770,2001-11-13T23:56:29Z,110,585,4574,25
666,Poverty,730,28070,30,10105,4509,2002-07-26T12:27:44Z,692,1186,4967,39
667,Power (social and political),721,16640,30,1899,983,2002-11-16T11:15:26Z,98,739,1728,27
668,Prayer,505,12979,30,3639,1699,2002-01-09T03:55:03Z,164,1540,3155,15
669,Pre-Columbian era,516,21858,30,1783,897,2002-09-23T20:51:20Z,156,2008,3469,38
670,Pregnancy,793,59449,30,7593,3098,2005-04-20T23:10:52Z,403,1191,4900,84
671,Prehistoric art,190,8096,30,1232,598,2003-10-04T23:15:10Z,87,805,1169,27
672,Prehistory,724,28739,30,1978,1060,2001-11-29T21:57:46Z,127,665,4855,24
673,Primate,532,56115,30,4736,1627,2001-10-03T18:48:05Z,552,650,4548,22
674,Privacy,444,17444,30,3039,1408,2002-01-02T03:14:12Z,236,545,2076,6
675,Property,563,9676,30,2014,1146,2001-08-27T08:16:19Z,60,1194,3022,8
676,Protein,926,46189,30,4393,2208,2001-09-23T00:15:52Z,316,597,20042,17
677,Protestantism,1128,113072,30,7681,3257,2001-09-30T21:47:33Z,368,2352,13470,23
678,Proton,667,33865,30,3162,1670,2001-09-26T18:53:55Z,251,479,3044,8
679,Psychology,2788,93834,30,9737,3928,2001-11-06T02:05:30Z,485,942,35276,38
680,Publishing,513,9340,30,1952,1139,2002-08-07T10:42:38Z,116,292,3727,44
681,Qin Shi Huang,572,83526,30,6188,2952,2002-10-05T09:25:16Z,126,395,1356,94
682,Quantum mechanics,2945,111498,30,8013,3981,2001-11-14T19:29:21Z,220,653,6702,36
683,Quran,2490,97760,30,9716,3362,2001-10-03T15:13:58Z,319,1308,8166,93
684,RNA,746,23183,30,3183,1577,2001-10-11T16:55:28Z,292,383,4987,15
685,Rabindranath Tagore,879,112047,30,5113,1721,2002-03-23T14:58:29Z,196,1355,4691,53
686,Racism,1412,47758,30,12975,5251,2001-10-28T16:48:11Z,373,1852,11085,53
687,Radioactive decay,736,33150,30,3794,1870,2003-03-17T18:18:26Z,147,461,2430,35
688,Rain,381,17291,30,3186,1583,2002-01-20T15:42:43Z,366,685,3120,27
689,Ramesses II,733,88648,30,4603,1953,2003-01-11T02:08:35Z,113,776,1961,24
690,Realism (arts),373,16804,30,1427,695,2005-09-12T16:17:17Z,27,708,3101,23
691,Reason,942,19344,30,1981,836,2002-03-02T10:22:43Z,105,891,2367,24
692,Redox,624,20415,30,2500,1361,2002-07-31T14:24:20Z,48,287,2798,67
693,Reformation,1149,57149,30,9370,3773,2002-02-05T14:41:05Z,260,2102,6542,28
694,Refrigeration,225,6524,30,1706,908,2002-03-27T13:21:48Z,106,485,1316,18
695,Religion,2145,69222,30,8984,3376,2001-11-17T03:12:27Z,316,2123,48600,31
696,Rembrandt,723,49567,30,5139,2211,2001-11-12T19:20:45Z,153,534,3640,18
697,Renaissance,1923,134441,30,8520,3605,2001-09-22T01:27:26Z,145,2070,11644,35
698,Renewable energy,856,38062,30,8094,2601,2001-07-31T18:58:09Z,525,1086,7350,43
699,René Descartes,1502,80839,30,7882,3996,2001-10-30T18:59:03Z,354,1628,3628,27
700,Reproduction,412,17839,30,1329,718,2001-11-30T16:52:55Z,102,577,1500,27
701,Reptile,501,49482,30,5085,2362,2001-08-10T18:12:32Z,340,725,57662,26
702,Retail,535,27238,30,3064,1368,2003-02-15T10:35:11Z,111,940,5280,21
703,Rice,880,51351,30,7291,3771,2002-02-25T15:43:11Z,246,1025,8099,53
704,Ritual,507,12018,30,1483,716,2002-10-12T22:49:36Z,75,1249,2705,16
705,River,386,23928,30,4913,2627,2001-11-09T11:21:53Z,69,561,67459,8
706,Roald Amundsen,319,35929,30,2691,1380,2001-11-07T21:49:06Z,154,632,2255,7
707,Rock (geology),510,19831,30,3008,1570,2003-03-21T23:39:55Z,67,286,2800,13
708,Rock music,804,64569,30,12094,5373,2001-03-14T23:25:39Z,269,1369,88752,20
709,Rocky Mountains,455,53504,30,4935,2399,2001-06-04T19:28:41Z,111,894,6347,20
710,Rodent,343,49509,30,3365,1409,2001-10-13T03:27:43Z,422,645,12622,16
711,Romanticism,1224,78301,30,8366,3884,2001-10-11T20:32:09Z,100,2002,8024,38
712,Rome,2324,152352,30,12055,4670,2001-10-13T06:07:06Z,336,1735,53279,39
713,Rumi,1068,82001,30,4980,1811,2001-12-10T11:44:41Z,156,1787,2408,62
714,Russia,2567,457875,30,23015,6198,2001-10-31T13:02:12Z,1179,2314,330937,67
715,Russian language,893,100544,30,7669,3265,2001-09-29T15:19:47Z,253,1489,118666,30
716,Sahara,565,65179,30,7108,3349,2003-09-23T04:59:08Z,238,750,3412,28
717,Salt,524,38028,30,4581,2183,2005-03-14T11:51:10Z,203,900,4261,19
718,Sanitation,195,9579,30,1661,678,2003-02-18T08:47:02Z,127,618,3424,17
719,Saturn,1003,144052,30,7613,3264,2001-11-05T01:14:39Z,439,626,3934,25
720,Saudi Arabia,1269,308692,30,13994,5753,2001-05-27T18:41:54Z,731,1215,44122,37
721,School,452,32467,30,2725,1476,2001-09-10T23:37:04Z,98,311,5512,10
722,Science,2284,96480,30,8969,3194,2001-10-15T17:23:57Z,390,874,39408,21
723,Scientific Revolution,631,23901,30,3850,1873,2002-01-14T18:30:15Z,166,904,1227,6
724,Scientific method,1686,64493,30,6534,1985,2001-10-15T03:48:25Z,284,785,5351,35
725,Scramble for Africa,601,50569,30,4213,2137,2003-08-02T11:33:25Z,144,1082,2064,20
726,Sculpture,458,17209,30,4316,1546,2001-11-17T22:52:35Z,74,1406,22188,43
727,Sea,455,20773,30,4462,1727,2001-05-28T20:20:13Z,447,1097,5951,4
728,Season,432,25676,30,3635,1813,2001-04-26T02:00:08Z,74,542,1325,22
729,Secularism,631,31786,30,2354,1275,2001-07-28T16:53:19Z,51,477,4883,18
730,Seed,353,18452,30,2855,1388,2002-02-04T15:11:18Z,141,513,3479,17
731,Sense,874,16822,30,3018,1600,2001-10-14T08:52:18Z,198,580,1154,46
732,Service (economics),350,17759,30,1015,633,2003-02-11T00:04:48Z,23,403,2171,0
733,Sex,1753,498423,30,7552,3111,2001-10-10T16:46:28Z,222,513,3028,19
734,Sexism,541,16764,30,5904,2321,2001-05-24T22:39:52Z,479,1295,3779,39
735,Sexual intercourse,1632,371010,30,5756,2285,2001-09-11T12:38:21Z,341,861,3884,77
736,Sexual orientation,757,31826,30,3752,1562,2001-12-14T17:15:13Z,323,659,5541,32
737,Sexually transmitted infection,581,44012,30,4104,2013,2001-10-28T01:11:35Z,268,935,2005,68
738,Shamanism,1236,93924,30,5472,2242,2001-04-02T04:54:03Z,114,1206,3635,21
739,Sheep,474,53435,30,6122,2505,2002-02-25T15:43:11Z,206,832,5412,35
740,Shen Kuo,198,2411,30,2100,425,2004-10-25T14:12:34Z,43,616,1166,4
741,Shia Islam,1281,100351,30,11973,4787,2001-05-02T11:20:28Z,248,2309,7041,130
742,Shinto,1026,95931,30,5714,2320,2001-09-26T11:02:54Z,63,1367,4228,30
743,Short story,356,28982,30,3799,2057,2001-09-27T19:09:57Z,65,729,98634,12
744,Sigmund Freud,2473,161802,30,13729,5572,2001-10-30T23:52:42Z,280,1079,6581,21
745,Sikhism,1360,116703,30,11897,4675,2001-09-01T13:41:43Z,301,1669,7525,33
746,Silicon,579,45276,30,4553,2244,2001-05-17T12:52:44Z,224,618,4329,29
747,Silk Road,974,119818,30,8774,4017,2002-05-30T20:16:31Z,164,1181,3462,25
748,Silver,665,46124,30,6514,3180,2001-11-06T06:26:03Z,173,903,8605,28
749,Simple machine,292,22524,30,1911,857,2001-09-05T16:07:27Z,33,180,299,7
750,Simón Bolívar,553,72229,30,7843,3727,2002-06-10T06:40:51Z,86,997,3111,33
751,Singapore,1839,513459,30,16649,5236,2001-10-31T20:28:40Z,981,1421,69107,55
752,Singing,500,14781,30,4157,2242,2002-12-29T18:37:41Z,94,310,14038,42
753,Skeletal muscle,355,22303,30,2070,994,2003-11-27T03:28:08Z,236,484,1313,62
754,Skeleton,337,13867,30,3709,2061,2001-07-04T17:26:32Z,88,198,1729,13
755,Skin,400,12581,30,3997,2181,2001-09-03T11:19:49Z,84,251,2122,11
756,Slavery,1449,54153,30,10601,4778,2001-10-19T16:21:14Z,569,3332,7945,63
757,Sleep,898,31319,30,8169,4228,2001-08-28T04:23:42Z,399,547,2661,44
758,Smallpox,611,87646,30,5420,2635,2001-10-10T00:15:16Z,413,664,5469,45
759,Smoking,309,16017,30,2354,1197,2007-07-14T21:21:39Z,220,608,5565,12
760,Snow,389,26173,30,5384,2639,2001-09-20T11:11:02Z,193,487,3044,24
761,Social class,646,19640,30,3418,1720,2001-12-09T00:04:08Z,184,392,2872,35
762,Social equality,206,6226,30,808,485,2003-02-02T05:39:40Z,37,147,2518,6
763,Social science,1137,39735,30,3154,1761,2001-01-28T00:23:41Z,128,686,4112,16
764,Socialism,2041,172805,30,15844,5492,2001-10-04T09:56:37Z,373,2262,37971,32
765,Society,754,28035,30,3064,1600,2002-02-01T05:48:43Z,255,619,4520,7
766,Sociology,1523,60404,30,6629,2798,2001-11-06T02:10:14Z,261,985,56639,21
767,Socrates,1849,126908,30,7519,3194,2001-09-24T16:18:30Z,132,1050,3973,17
768,Soil,459,22097,30,7608,2684,2002-02-05T07:43:26Z,739,1162,5704,17
769,Solar System,2312,188923,30,11822,3374,2001-11-07T04:24:51Z,902,1048,7389,39
770,Solar energy,978,21412,30,9799,3590,2001-07-29T20:22:35Z,187,862,2598,17
771,Soul,1139,26741,30,5212,2545,2001-10-01T17:03:14Z,180,1701,4173,25
772,Sound,775,31772,30,4774,2494,2001-08-04T01:08:09Z,84,221,2771,15
773,South Africa,1689,330348,30,12271,5146,2001-09-29T17:01:54Z,598,1691,144344,51
774,South America,785,152297,30,10695,4994,2001-10-23T19:08:04Z,434,1567,56438,29
775,South Korea,1685,286673,30,20816,7089,2001-07-08T04:08:23Z,706,1284,84524,72
776,Southern Ocean,335,39416,30,2172,1149,2001-03-27T13:29:31Z,284,1352,4822,24
777,Soviet Union,2339,412631,30,11835,4544,2001-10-08T17:06:53Z,421,1866,122840,92
778,Soybean,427,42464,30,5158,2305,2002-07-19T17:54:05Z,389,1163,2306,41
779,Space,872,38645,30,4220,2139,2001-10-03T21:11:13Z,35,386,2411,8
780,Spain,1836,273170,30,17241,5463,2001-10-03T14:28:50Z,548,1419,262927,28
781,Spanish Empire,629,73852,30,7298,2126,2003-08-23T16:52:17Z,171,1292,8340,26
782,Spanish language,1411,128180,30,17207,6913,2001-10-30T19:47:40Z,550,945,76657,21
783,Species,810,52134,30,3724,1825,2001-10-26T17:56:32Z,347,722,85614,51
784,Speech,391,10705,30,1279,790,2004-07-09T04:17:16Z,80,429,2457,14
785,Speed of light,1293,77556,30,9871,3148,2001-10-31T17:30:40Z,440,750,3560,45
786,Spice,325,18512,30,2116,1167,2001-07-13T14:44:48Z,57,1023,1971,5
787,Spirituality,963,21051,30,4455,1777,2001-10-08T17:37:52Z,222,1349,5888,8
788,Sport,582,47654,30,5599,3090,2001-11-05T06:30:11Z,148,373,162458,34
789,Sport of athletics,232,22889,30,3165,1683,2002-03-11T02:08:53Z,147,968,94775,7
790,Standard Model,916,33211,30,2198,1129,2002-04-04T13:57:29Z,163,583,1683,16
791,Star,1180,375033,30,5145,2240,2001-09-24T22:19:15Z,419,809,13298,12
792,State (polity),741,37894,30,2968,1397,2001-10-30T12:31:02Z,253,679,2700,17
793,State of matter,559,31864,30,2727,1394,2002-02-25T15:51:15Z,31,305,895,8
794,Steel,618,49733,30,5704,2887,2001-09-10T22:36:54Z,108,522,6883,19
795,Stone Age,645,44453,30,4520,2180,2001-12-12T17:04:40Z,88,736,4053,8
796,Stroke,704,61552,30,4403,1861,2001-04-16T23:03:35Z,664,641,8122,62
797,Strong interaction,450,19794,30,971,573,2001-10-04T07:26:56Z,24,144,862,11
798,Subatomic particle,658,23745,30,1558,962,2003-04-18T19:21:50Z,95,314,891,17
799,Suffrage,339,15970,30,2440,1369,2002-08-10T23:16:35Z,179,1288,3251,41
800,Sugar,653,47007,30,5473,2884,2001-08-09T21:35:00Z,282,962,62862,23
801,Suicide,1117,112873,30,9171,3846,2001-09-06T00:41:08Z,667,783,9894,57
802,Suleiman the Magnificent,574,100037,30,6203,2650,2001-09-24T05:45:06Z,113,422,2329,55
803,Sulfur,611,50610,30,6858,3241,2001-07-30T19:23:04Z,266,801,6005,48
804,Sumer,1307,102167,30,7156,3317,2002-04-27T05:48:17Z,136,1708,2579,20
805,Sun,2119,227981,30,9508,3834,2001-11-11T20:19:55Z,558,1263,12097,43
806,Sunni Islam,984,88819,30,6194,2866,2001-12-31T20:50:08Z,140,1978,10074,60
807,Supernova,920,51789,30,6338,2668,2001-11-19T19:42:16Z,821,1168,3813,32
808,Supply and demand,509,16160,30,3237,1748,2002-01-24T21:43:20Z,44,498,1408,17
809,Surgery,397,27587,30,2637,1556,2002-03-23T09:51:17Z,227,600,5480,38
810,Swahili language,488,59238,30,4105,2003,2001-11-04T22:19:07Z,156,735,5031,68
811,Swimming,352,9022,30,4354,2563,2001-09-05T10:50:01Z,71,366,2242,7
812,São Paulo,547,76146,30,11496,4211,2002-09-22T23:48:02Z,482,2052,18655,57
813,Taiwan,2169,377335,30,15958,4004,2001-07-25T06:56:36Z,861,1264,68985,83
814,Talmud,1144,87096,30,5021,1900,2001-11-09T02:48:54Z,210,936,5888,38
815,Tang dynasty,609,76215,30,7934,2644,2002-03-09T07:07:35Z,91,1193,8277,38
816,Tanzania,639,151441,30,8287,3912,2001-05-30T01:37:40Z,425,1073,27018,15
817,Taoism,1557,96596,30,9752,4122,2001-10-20T00:11:43Z,197,2038,5981,47
818,Tax,727,21990,30,5721,2792,2001-08-31T02:23:52Z,140,835,3442,30
819,Taxonomy (biology),1135,69835,30,3948,2133,2001-08-10T02:00:11Z,201,407,476713,45
820,Tea,915,49575,30,10934,5268,2001-09-26T00:52:41Z,182,657,6442,25
821,Technology,1252,58231,30,4615,1876,2001-11-08T19:05:33Z,351,958,25597,17
822,Temperature,538,43040,30,4709,2292,2001-11-21T14:42:27Z,146,467,5448,14
823,Terrorism,1489,81668,30,11745,4989,2001-10-01T01:49:01Z,389,677,10241,41
824,Thailand,1180,272107,30,12812,5221,2001-05-30T01:40:41Z,691,1573,94452,31
825,The Beatles,2963,379032,30,25284,7455,2001-09-26T11:23:00Z,337,2745,26378,64
826,The Buddha,1967,187412,30,9494,3306,2001-11-01T19:58:21Z,313,997,3258,98
827,The arts,560,28136,30,2374,1162,2002-02-25T15:43:11Z,172,534,3249,11
828,Theatre,797,18764,30,3105,1619,2001-10-23T13:43:40Z,72,680,41997,31
829,Theory of relativity,1118,67227,30,4481,2329,2001-09-29T18:10:43Z,61,604,2304,20
830,Theravada,547,26189,30,3032,1245,2001-10-25T19:30:37Z,124,1873,5108,23
831,Thermodynamics,1036,26852,30,4279,2058,2001-03-31T14:47:16Z,78,564,3201,26
832,Thomas Aquinas,1151,110976,30,6755,3316,2001-10-22T18:31:44Z,243,2794,7703,40
833,Thomas Edison,1674,204391,30,9510,4307,2001-01-23T21:50:30Z,272,1027,4988,19
834,Thought,822,22735,30,1765,1052,2002-02-25T15:43:11Z,274,292,1166,19
835,Time,1537,51607,30,8145,3658,2001-10-31T18:09:59Z,202,990,23380,16
836,Timur,746,111683,30,4616,1973,2002-03-29T15:41:48Z,175,568,2009,66
837,Tokyo,1109,184643,30,12946,5532,2001-05-18T23:28:30Z,436,1633,41168,74
838,Tool,379,10490,30,4235,2286,2001-09-18T20:01:39Z,101,902,1355,7
839,Tornado,673,52867,30,6643,2744,2002-02-03T18:55:34Z,306,511,4697,45
840,Tourism,580,21737,30,7841,3742,2001-11-14T17:26:42Z,224,1457,19655,36
841,Toy,262,8702,30,3799,1995,2002-11-22T14:41:25Z,118,323,5763,24
842,Trade,508,16135,30,2203,1320,2001-09-23T02:44:10Z,160,607,5868,18
843,Trade union,639,32196,30,4415,2295,2001-03-28T15:19:36Z,195,1214,24411,87
844,Traditional African religions,389,17317,30,2232,912,2006-04-07T01:57:53Z,88,1076,1427,30
845,Tree,581,46794,30,5871,2544,2001-09-04T12:42:37Z,341,769,5858,13
846,Tropical cyclone,1109,37585,30,10471,4350,2002-01-09T02:30:27Z,747,617,9293,47
847,Truth,1350,17524,30,7568,2402,2001-02-02T03:56:44Z,117,815,3254,21
848,Tuberculosis,942,197144,30,7018,2922,2001-09-29T21:43:27Z,625,529,13392,66
849,Turkey,2030,354189,30,25411,5097,2001-09-02T08:58:31Z,646,1640,174009,49
850,Ukraine,1773,262337,30,15061,5218,2001-09-25T07:57:33Z,614,1544,134772,30
851,United Arab Emirates,1191,332824,30,12919,5890,2001-10-31T21:23:39Z,679,1552,39295,52
852,United Kingdom,3463,628509,30,27856,7897,2001-11-02T17:36:50Z,1017,1947,356008,102
853,United Nations,2763,221244,30,9115,4028,2001-09-28T13:40:53Z,436,1223,46403,37
854,United States,5669,1601775,30,51204,11846,2001-09-06T07:00:01Z,810,1980,1314996,181
855,Universe,1867,78007,30,9249,3704,2001-10-01T19:21:41Z,451,800,5821,21
856,University,595,24100,30,4122,2048,2001-05-19T16:24:56Z,74,778,95194,11
857,Uranus,849,101471,30,7067,2879,2001-11-05T01:15:01Z,462,642,2577,30
858,Vaccine,560,26472,30,3615,1699,2001-10-26T07:32:42Z,473,655,3202,35
859,Vacuum,539,17978,30,2622,1380,2001-07-30T19:12:06Z,109,324,1837,25
860,Vasco da Gama,454,69849,30,4182,1934,2002-03-20T09:59:08Z,73,499,1491,18
861,Vedas,1132,59812,30,3550,1218,2002-06-26T17:59:38Z,120,700,5531,16
862,Vegetable,385,39873,30,3718,1976,2002-02-04T04:05:50Z,60,648,2587,19
863,Venus,1243,168561,30,8426,3374,2001-12-10T18:59:51Z,723,980,5271,36
864,Video game,1181,94682,30,9193,4454,2001-03-31T07:44:09Z,280,938,167341,61
865,Vietnam,1451,269925,30,11112,4097,2001-03-27T05:11:56Z,802,1434,44060,50
866,Viking Age,638,40412,30,3598,1786,2001-08-16T22:51:56Z,197,1442,3578,14
867,Vincent van Gogh,1734,209983,30,13398,3222,2001-03-26T17:34:55Z,181,991,4140,24
868,Violence,403,11122,30,3477,1808,2002-03-27T03:21:02Z,325,392,2650,22
869,Virgil,611,62068,30,2660,1339,2001-08-10T20:47:57Z,125,917,4217,14
870,Virus,1049,62259,30,6203,2397,2001-03-21T22:15:39Z,568,655,14601,35
871,Visual arts,623,22235,30,1684,906,2001-10-26T01:25:39Z,68,504,94858,21
872,Volcano,1058,65564,30,7392,3218,2001-10-09T17:18:43Z,188,606,12814,35
873,Voltaire,1353,85691,30,8850,4199,2001-10-06T22:36:21Z,196,2001,5971,55
874,Walt Disney,1529,181724,30,8134,3294,2001-03-04T19:01:16Z,232,1143,5870,22
875,War,1106,37973,30,12154,6010,2001-10-15T17:26:44Z,270,1188,5533,26
876,Water,1482,96348,30,8185,4051,2001-07-27T10:33:07Z,609,1289,11716,12
877,Wave,621,15426,30,4035,2047,2001-10-22T20:09:54Z,54,483,1288,19
878,Weak interaction,435,21906,30,1137,619,2001-09-03T19:05:33Z,76,274,916,23
879,Weapon,489,16429,30,3376,1837,2001-11-14T15:14:26Z,53,1025,2786,24
880,Weather,520,19420,30,4231,2200,2001-12-11T17:03:32Z,147,409,19808,13
881,Welfare spending,407,8912,30,2062,1201,2003-06-17T05:10:20Z,154,404,2110,53
882,Western imperialism in Asia,158,6079,30,2024,1022,2001-12-24T00:58:28Z,79,877,464,4
883,Western philosophy,582,14279,30,959,431,2002-12-16T13:25:53Z,61,992,3411,20
884,Wheat,455,48699,30,4492,2179,2002-02-25T15:43:11Z,448,736,6012,30
885,Wheel,352,21166,30,4443,2435,2001-09-05T09:02:43Z,99,769,1984,17
886,William Shakespeare,3339,328880,30,13601,4434,2001-10-14T20:01:11Z,308,1958,18059,69
887,Wind,411,15021,30,4448,2183,2001-10-02T12:22:02Z,295,585,2151,15
888,Wind power,623,19729,30,11392,4311,2003-07-25T19:05:35Z,375,965,3998,30
889,Wolfgang Amadeus Mozart,1696,220312,30,8399,3335,2001-10-29T09:31:28Z,178,496,7549,37
890,Woman,772,47547,30,4795,1951,2001-05-21T14:22:50Z,237,1395,124833,32
891,Word,521,13555,30,3790,2162,2005-01-31T00:08:54Z,61,239,1593,6
892,World War I,4502,520769,30,19762,7297,2001-10-27T23:43:06Z,372,1510,104207,83
893,World War II,5534,1080782,30,27599,8530,2001-11-10T00:51:27Z,385,1775,205297,98
894,Writing,725,20947,30,3242,1902,2001-03-23T06:51:32Z,97,523,4853,20
895,Yangtze,392,31572,30,3768,1941,2001-09-30T06:02:04Z,229,707,2056,84
896,Year,571,24396,30,2718,1404,2001-10-25T15:49:37Z,75,451,7967,85
897,Zheng He,457,33388,30,5835,2649,2001-10-25T14:00:38Z,115,361,1211,29
898,Zoology,489,14234,30,3060,1736,2001-08-03T15:51:37Z,88,680,38169,14
899,0,689,99341,30,4567,2289,2001-12-02T13:59:58Z,148,1458,1259,87
900,Aircraft,525,22189,30,3550,1695,2001-11-05T00:46:37Z,82,610,5192,18
901,Algebra,856,41688,30,3785,1644,2001-09-03T19:33:35Z,252,474,3104,16
902,Algorithm,1759,51040,30,5199,2508,2001-10-30T16:33:41Z,112,471,5389,37
903,Angle,351,13795,30,2643,1322,2001-11-13T03:26:51Z,95,263,1490,112
904,Area,305,9003,30,2749,1480,2002-02-25T15:43:11Z,61,285,4073,13
905,Arithmetic,592,17836,30,2034,931,2002-01-05T22:00:55Z,298,387,1688,22
906,Artificial intelligence,3037,405443,30,12256,4938,2001-10-08T16:55:49Z,708,1782,13823,91
907,Bicycle,559,22243,30,8744,4179,2001-07-27T16:03:24Z,181,967,3974,17
908,Book,761,41002,30,6486,3193,2001-06-06T07:04:05Z,113,1085,6816,12
909,Bridge,445,11178,30,7019,3138,2001-08-01T05:30:46Z,209,358,17902,29
910,Building,308,10088,30,1762,1052,2002-03-26T04:35:47Z,67,493,2342,19
911,Calculus,1213,74053,30,6229,2982,2001-10-26T17:35:06Z,139,776,3032,21
912,Calendar,477,26580,30,2287,1305,2001-11-10T19:24:44Z,64,639,1776,18
913,Camera,480,43810,30,5477,2787,2002-05-20T17:10:36Z,65,493,2453,10
914,Canal,207,9991,30,1954,1109,2001-11-06T10:10:43Z,46,715,4439,8
915,Car,1287,62044,30,7394,3326,2001-11-01T00:18:55Z,252,1081,3988,30
916,Circle,455,25867,30,4324,2137,2001-08-28T05:15:23Z,50,251,1756,16
917,Clock,503,21364,30,6289,3310,2001-09-20T18:58:01Z,131,642,1725,20
918,Compass,420,29633,30,4495,2097,2002-02-16T03:55:54Z,65,419,2181,24
919,Complex number,778,41139,30,4496,1747,2001-11-18T22:01:51Z,79,414,3030,40
920,Computer,2312,152629,30,7081,3102,2001-11-02T14:05:53Z,237,1055,53324,36
921,Computer science,2091,64743,30,6924,3350,2001-11-18T22:41:50Z,144,587,20494,33
922,Concrete,496,26439,30,5900,2732,2001-04-03T16:23:33Z,281,664,6635,22
923,Cotton,429,40251,30,6163,3210,2002-01-28T03:10:21Z,219,828,6225,27
924,Cryptography,1571,39456,30,3950,1958,2001-11-12T21:55:50Z,212,965,5974,21
925,Dam,336,19791,30,3338,1794,2002-05-06T03:46:08Z,151,433,7449,25
926,E (mathematical constant),767,84002,30,4399,1852,2001-11-08T20:21:59Z,99,207,1128,58
927,Electric light,186,8964,30,1011,603,2002-02-25T15:51:15Z,127,260,750,24
928,Electronics,917,26677,30,3728,1956,2001-11-02T10:40:53Z,88,674,11564,16
929,Equation,272,7350,30,1526,807,2001-03-24T15:13:11Z,19,202,842,19
930,Exponentiation,539,22506,30,4035,1296,2002-10-05T00:21:33Z,62,696,1321,99
931,Fortification,382,12162,30,1582,897,2003-03-31T17:48:38Z,70,1213,3548,33
932,Fraction,424,13869,30,4357,1889,2005-04-07T14:36:32Z,70,206,372,42
933,Function (mathematics),804,32856,30,5017,1712,2003-02-20T00:03:25Z,57,338,3187,38
934,Geometry,997,38405,30,3178,1538,2006-10-02T03:47:30Z,279,620,5693,17
935,Glass,614,28048,30,7221,3090,2001-09-18T21:59:37Z,216,647,5907,23
936,Infinity,805,29604,30,4919,2279,2001-12-30T07:33:10Z,115,324,1792,15
937,Infrastructure,503,17292,30,1923,1071,2003-01-26T01:53:41Z,78,408,3716,20
938,Integer,559,40467,30,2843,1471,2001-08-18T02:43:05Z,51,1357,3491,25
939,Integrated circuit,945,39397,30,3610,1786,2001-10-12T12:52:48Z,186,1498,3633,45
940,Internal combustion engine,747,35624,30,5760,2730,2001-09-03T07:44:09Z,98,901,5211,36
941,Internet,2606,135472,30,9669,4493,2001-11-10T22:37:10Z,384,1123,28001,47
942,Laser,865,42796,30,5397,2490,2001-09-15T13:24:48Z,290,515,4074,37
943,Lens,388,11927,30,2337,1106,2001-10-25T01:25:40Z,104,224,578,67
944,Limit (mathematics),315,16584,30,1333,665,2001-09-02T14:37:14Z,21,133,853,17
945,Line (geometry),321,8182,30,1563,775,2004-08-31T14:39:43Z,20,259,699,28
946,Linear algebra,576,27268,30,1692,869,2001-08-16T13:14:21Z,65,448,1807,8
947,Logarithm,958,54407,30,5378,2097,2001-08-24T19:06:52Z,109,429,1586,41
948,Mail,358,10531,30,1837,1113,2002-05-02T20:13:55Z,114,355,1660,29
949,Map,611,25273,30,4698,2502,2001-11-07T22:49:34Z,47,440,4062,19
950,Masonry,231,10970,30,1079,693,2001-12-29T05:56:29Z,38,128,1869,6
951,Mathematical analysis,515,13086,30,845,472,2002-04-09T11:09:30Z,86,482,2423,12
952,Mathematical proof,453,10016,30,1307,646,2002-09-08T13:15:17Z,37,494,1177,23
953,Mathematics,2840,117391,30,7901,3117,2001-11-08T15:31:38Z,514,765,55357,41
954,Metallurgy,440,17552,30,1662,873,2001-09-11T13:33:07Z,65,822,3220,20
955,Microscope,357,24557,30,4135,2057,2001-09-10T16:08:07Z,41,424,2029,14
956,Mobile phone,1604,66843,30,10269,5078,2001-10-19T20:37:08Z,177,690,5506,71
957,Natural number,610,50927,30,3159,1366,2001-11-12T23:31:02Z,102,496,2335,27
958,Natural rubber,342,25328,30,3446,1953,2002-02-09T01:30:11Z,130,572,1554,17
959,Navigation,376,8642,30,1488,824,2001-10-31T17:21:45Z,81,419,2020,13
960,Nth root,224,8424,30,1012,481,2003-05-27T18:58:31Z,18,115,392,28
961,Number,757,35348,30,4716,2330,2001-09-27T19:05:04Z,74,435,4323,11
962,Number theory,749,22489,30,1866,947,2001-10-11T15:44:10Z,98,608,3021,11
963,Paper,477,24529,30,3382,1920,2001-10-30T17:18:39Z,83,1097,3250,11
964,Pi,1580,111350,30,9962,3286,2001-11-11T21:01:15Z,261,606,3924,125
965,Plastic,560,33249,30,5720,2835,2001-10-06T01:43:10Z,297,1157,3095,20
966,Polygon,413,22004,30,2300,1057,2001-09-14T23:59:17Z,61,297,2113,173
967,Prime number,822,130138,30,6705,2789,2001-10-11T22:46:31Z,307,842,2430,32
968,Printing,380,9935,30,2440,1327,2002-03-17T13:53:55Z,93,865,2794,18
969,Probability,728,26123,30,2983,1661,2001-08-05T09:28:13Z,47,370,2976,11
970,Radar,634,31131,30,3884,1941,2001-08-04T16:52:34Z,112,473,7905,28
971,Radio,820,28683,30,6452,3110,2001-11-06T03:45:23Z,317,862,22958,16
972,Real number,672,33219,30,2732,1226,2001-09-30T13:43:51Z,55,417,3340,18
973,Road,332,8963,30,2407,1317,2001-09-06T09:22:06Z,128,821,37042,20
974,Robotics,788,23075,30,5008,2395,2002-03-30T01:04:29Z,415,734,6866,28
975,Rocket,474,17256,30,5656,2322,2001-11-28T00:09:13Z,189,508,5158,17
976,Satellite,804,34926,30,6310,3257,2001-07-27T03:41:29Z,179,438,5034,31
977,Semiconductor device,276,6741,30,716,396,2002-02-22T17:31:59Z,79,353,1886,7
978,Series (mathematics),353,11755,30,1487,603,2001-04-17T07:04:08Z,42,461,877,19
979,Set (mathematics),642,27590,30,2825,1261,2001-01-29T00:57:28Z,63,449,2382,8
980,Ship,404,15024,30,3923,1952,2001-11-04T02:20:10Z,121,1138,91952,6
981,Space exploration,467,17523,30,4952,2354,2001-03-17T17:31:55Z,168,1222,2269,8
982,Space station,323,13427,30,2091,1048,2002-01-27T11:09:53Z,185,828,1969,10
983,Spaceflight,384,8141,30,1393,651,2002-08-28T13:44:47Z,80,1374,16126,31
984,Statistics,1297,37675,30,5376,2707,2001-02-22T11:02:15Z,118,766,14632,24
985,Steam engine,455,42245,30,5935,2560,2001-07-27T00:05:03Z,69,445,4557,33
986,Telecommunications,1118,25123,30,4085,1820,2001-11-04T14:28:22Z,199,862,5764,35
987,Telephone,588,32843,30,4417,2184,2001-09-30T13:27:05Z,105,382,2878,24
988,Telescope,388,17073,30,3621,1642,2001-02-07T18:05:04Z,156,252,2765,11
989,Television,1231,58496,30,7967,3992,2001-11-04T10:02:38Z,299,1789,13657,37
990,Textile,499,19452,30,3489,1704,2002-04-09T05:48:08Z,238,956,3896,20
991,Three-dimensional space,612,19480,30,613,360,2005-11-01T16:10:08Z,10,331,1424,36
992,Topology,805,34023,30,1954,1031,2001-10-14T08:49:22Z,55,336,3123,10
993,Train,425,24560,30,5655,2748,2001-09-06T11:45:07Z,116,313,2514,16
994,Transport,456,20239,30,4143,2070,2001-11-08T18:15:03Z,105,1159,33258,18
995,Triangle,398,53061,30,4916,2397,2001-09-15T00:05:13Z,107,294,1920,29
996,Trigonometry,636,24438,30,5078,2544,2001-09-08T00:12:15Z,97,328,1509,16
997,Variable (mathematics),287,7055,30,1006,492,2006-01-15T09:48:17Z,31,409,947,4
998,Volume,332,21299,30,2924,1636,2001-08-16T22:30:41Z,37,200,1784,13
999,Wood,462,20568,30,5312,2686,2001-09-03T14:56:13Z,97,1486,4920,27
